display_id,node,node_type,local_index,node_name,attention,normalized_attention,score,is_top_k,degree_in_figure,prob_malware,y_true,pred
1,21,intent,0,android.intent.action.MAIN,0.6529546605888754,0.001176605008755002,0.6529546605888754,1,1,0.9966965913772583,1,1
2,4795,opcode,196,ushr-long/2addr,0.5748146655387245,0.001035799046091099,0.5748146655387245,1,0,0.9966965913772583,1,1
3,6185,api,1384,android.graphics.Color.red,0.5413945357397708,0.0009755769594928843,0.5413945357397708,1,0,0.9966965913772583,1,1
4,18,component,8,activity:.DebugActivity,0.5342393306054873,0.0009626834912204092,0.5342393306054873,1,1,0.9966965913772583,1,1
5,6973,api,2172,com.bumptech.glide.gifdecoder.GifHeaderParser.read,0.5164245752200713,0.0009305818283004727,0.5164245752200713,1,1,0.9966965913772583,1,1
6,7088,package,109,javax.net.ssl,0.5000000000075666,0.0009009852289833354,0.5000000000075666,1,1,0.9966965913772583,1,1
7,7094,package,115,com.bumptech.glide.load.model,0.5000000000000007,0.0009009852289697018,0.5000000000000007,1,1,0.9966965913772583,1,1
8,7117,package,138,com.bumptech.glide.load.data,0.5000000000000001,0.0009009852289697008,0.5000000000000001,1,3,0.9966965913772583,1,1
9,7106,package,127,com.google.android.gms.common.api,0.5,0.0009009852289697006,0.5,1,1,0.9966965913772583,1,1
10,13,component,3,activity:.DisplaytesterActivity,0.4999904366318333,0.0009009679960627858,0.4999904366318333,1,1,0.9966965913772583,1,1
11,4790,opcode,191,sput-byte,0.49852091004140675,0.0008983199525596807,0.49852091004140675,1,0,0.9966965913772583,1,1
12,1,permission,0,android.permission.ACCESS_NETWORK_STATE,0.4874431248754263,0.0008783581109511846,0.4874431248754263,1,1,0.9966965913772583,1,1
13,23,intent,2,com.pcsensi.app.START_BACKGROUND,0.4607546180486679,0.000830266210082852,0.4607546180486679,1,1,0.9966965913772583,1,1
14,4773,opcode,174,rem-float,0.4558132859528996,0.0008213620756234097,0.4558132859528996,1,0,0.9966965913772583,1,1
15,5944,api,1143,android.view.View.setElevation,0.449697161607054,0.000810341000235112,0.449697161607054,1,0,0.9966965913772583,1,1
16,5942,api,1141,android.view.View.setTranslationZ,0.44681812789764574,0.0008051530665433466,0.44681812789764574,1,0,0.9966965913772583,1,1
17,14,component,4,activity:.SpeakercleanerActivity,0.4386149756691594,0.0007903712285656345,0.4386149756691594,1,1,0.9966965913772583,1,1
18,15,component,5,activity:.MoreActivity,0.43269917369368294,0.0007797111281708063,0.43269917369368294,1,1,0.9966965913772583,1,1
19,20,component,10,service:com.pcsensi.app.backgroundService,0.3594621578275814,0.0006477401891524521,0.3594621578275814,0,1,0.9966965913772583,1,1
20,7121,package,142,com.bumptech.glide.gifdecoder,0.28675475157797337,0.0005167235910172598,0.28675475157797337,0,1,0.9966965913772583,1,1
21,0,app,0,com.pcsensi.app|com.pcsensi.app,0.2595346862525286,0.0004676738374376278,0.2595346862525286,0,6,0.9966965913772583,1,1
22,10,component,0,activity:.MainActivity,0.22405661304970367,0.00040374339762152574,0.22405661304970367,0,2,0.9966965913772583,1,1
23,6874,api,2073,com.bumptech.glide.load.data.DataFetcher$DataCallback.onDataReady,0.20833333333333348,0.0003754105120707088,0.20833333333333348,0,1,0.9966965913772583,1,1
24,6497,api,1696,com.bumptech.glide.load.model.ModelLoader.buildLoadData,0.20515707433223765,0.00036968698718397,0.20515707433223765,0,1,0.9966965913772583,1,1
25,6700,api,1899,com.google.android.gms.common.api.Status.<init>,0.20238837003707957,0.0003646978638373253,0.20238837003707957,0,1,0.9966965913772583,1,1
26,6873,api,2072,com.bumptech.glide.load.data.DataFetcher$DataCallback.onLoadFailed,0.1666666666666667,0.00030032840965656696,0.1666666666666667,0,1,0.9966965913772583,1,1
27,6430,api,1629,javax.net.ssl.SSLSocketFactory.createSocket,0.12511094532196018,0.00022544622743504397,0.12511094532196018,0,1,0.9966965913772583,1,1
28,6918,api,2117,com.bumptech.glide.load.data.DataFetcher.cleanup,0.11548115313053131,0.00020809362638999363,0.11548115313053131,0,1,0.9966965913772583,1,1
