sha256,dex_date,apk_size,pkg_name,vercode,vt_detection,added,markets
315CA5E4189F9F74539ACFE143DF8FD9219B49DD1F52A29A4586B646B0DFAFDD,1981-01-01 01:01:02,10169997,cloud.helmuga.audio,1,5,2023-08-26 12:14:14.819682,play.google.com
9162BD41B6484F61C5F8D3DF0E08C7974D8D577A20ABFC91807846D6C04012A0,1981-01-01 01:01:02,24107258,com.spinx.dev,13,5,2023-04-14 02:03:45.221864,play.google.com
B69DA2CBBE55336E3431F80C045752A1895ED0B7921A70086D51E2AAF1F0FE29,2020-11-18 19:13:26,38446834,com.hellotalk.aigrammar,33,7,2023-02-14 14:42:42.275605,play.google.com
56C12BB9220A452CF5C0D8C95F50D4CC6C59F8E64B0CE6C11269A90892D761E3,1981-01-01 01:01:02,6427654,com.tmxpanda.tool,14,4,2023-10-29 20:47:18.670734,play.google.com
FCEE6B2CB0A03F434F103822E75EDCAC77ABF60671B2A1487D84A0BE9259BA11,1981-01-01 01:01:02,10487303,cloud.helmuga.tracker,42,5,2023-12-21 02:43:59.156246,play.google.com
1B0F48890F52ABDBCC85A98279FAE4256082D4427F91786A38D4888223AED961,1981-01-01 01:01:02,6145509,com.neey.app,10226,4,2023-05-14 09:16:37.692515,play.google.com
298616B9426F66C0212A8752746E607E27E97D8B1E291995005CAE9BCF689741,1981-01-01 01:01:02,15604920,com.chaozhuo.gameassistant,64704,4,2023-10-24 07:36:18.336153,play.google.com
6FE9AB13B6347E12A2CD540D83B3AC542390F2AF52A75C0A99309152E0920169,2017-03-27 10:40:46,6258336,com.zz.dz,13,5,2023-12-26 07:28:44.525300,play.google.com
E3421FFBAC2D91986DD3CAB8EA31B476231C87FFED2E9838262DE2C4CE051FCB,1981-01-01 01:01:02,41917309,com.craft.fun.good.earth.realm.block,288468,13,2023-06-11 03:31:56.508726,play.google.com
FC90AC5734952F872D2DC79E29D8A5643A6959ADA7E14D1C7946342CB963B49D,2021-08-31 12:00:58,5447813,com.vson.shneutral,6,4,2023-12-17 20:38:45.992290,play.google.com
4CE6437C1630D6C01CE38B9C40F1826376A2B8154E49C23B6C60472275673B7C,1981-01-01 01:01:02,14158820,com.lelhp.craftsmanart,1921,4,2023-07-30 17:52:53.654676,play.google.com
5D639A9FB397EA90389DC980AFE537628253588A6FCFB673107229FC97ED7B45,1981-01-01 01:01:02,46131812,com.psvita.vita3kemulator,701,20,2023-09-04 11:10:02.173058,play.google.com
62F9E7CE4C44883F3E8627F4F16F7FB001CB602A38B69BD8BCF5F3CB88D617EE,2020-10-08 21:22:54,17844916,com.trip.camera.translate,8,12,2023-02-14 15:45:20.380746,play.google.com
280B0095490B19B6ED45CF8B4B1FEE2109EBB7F27FA968A1F46B0505154019C9,1981-01-01 01:01:02,22493523,studio.superrepair.forandroid,18,6,2023-01-13 10:54:03.349109,play.google.com
6EFFED8FA43810BB0055448F08FC61D4F8D91E01A87027B2D040707DE4F5D856,1981-01-01 01:01:02,12279925,com.projectx.mripl,12,6,2023-12-23 07:51:29.170250,play.google.com
C7677D3ABDDB4D9ABAA989C585EB7B5BFFC9A3E464F97E4FFCF53E0F5D5493B1,2020-06-11 19:14:02,17937128,com.ringdom.reader,125,8,2023-02-14 15:20:12.651423,play.google.com
576A4FFCDB4DFA507106D2D6DF1D7BB72C3F30D19217B64AA9B7C1209A53B1D1,1981-01-01 01:01:02,26371337,cn.wsds.gamemaster.g2,20568,7,2023-09-13 14:31:37.208826,play.google.com
FB60D371EB8159FB36AF79DEE1D983E4FA00237689EEE93D77CB874415974E24,1981-01-01 01:01:02,45038808,com.hrs.decibelmobilesolution,357,5,2023-09-19 15:47:32.617053,play.google.com
FA05A58C72C257F603A6405D23D50A4583000C4856BBC8CA0F78533B6F8AFA48,1981-01-01 01:01:02,39460059,gym.my.coach.workout.fitness,3,4,2023-10-04 14:07:11.087316,play.google.com
2F6F1D8D6B745F4C509728D664EF1F7E3A5BF34A617688E43B374CDCBE9B81D6,2023-02-21 14:30:14,33320998,com.multibyte.esender.jiedian,50,4,2023-02-26 11:59:46.194630,play.google.com
BB3C6A02D7ABA6A07DF35CDD27F5BF65858F9ADEC99FDD1963977E6D12B7C355,1981-01-01 01:01:02,9884926,com.grunge.buku.saku.medis.dokter.perawat,1022,5,2023-03-29 17:27:47.695412,play.google.com
BE75EC30FD9564BEBEBE37DA3F86CE89DCF2523FF5B3E1496A8C4C9D6D1460AD,1981-01-01 01:01:02,9189296,com.IQ.InjectOr.id,16,4,2023-02-21 11:36:15.375797,play.google.com
731A0A7CBBD074FB72816DC392EF03886CD62C1C85FD974D7559ED7FC34DD1ED,1981-01-01 01:01:02,9700525,com.aha.money,3,5,2023-04-17 20:08:02.011525,play.google.com
F4CFAFE047126F0A0AA7386C04899BDA0DE334685651A522602DC0FD12DC872B,1981-01-01 01:01:02,11103369,com.rvilla.consejosdebelleza,14,4,2023-11-20 20:54:02.729507,play.google.com
38F6AFDC7181629615017828168FFE4B14F17EEABE7A8FDA9D3ECAC99678C9CC,1981-01-01 01:01:02,15992465,com.ember.f,2,4,2023-02-01 02:38:08.672048,play.google.com
D3DA8C7CBD13837EC7F4A4E3E1935F88BD3EAEF009995EFFCB2AAEA01A922A93,1981-01-01 01:01:02,13474492,com.mold.figure.gym,38,4,2023-06-21 22:52:37.434433,play.google.com
3A7BD268CCEC96EDC13116943EADAEBB60BA50BC7320DFA0435CBBBAB4B0E495,1981-01-01 01:01:02,39995727,com.haffprice.android,76,4,2023-06-24 01:28:43.553205,play.google.com
82BFB70A9887DBA5566D762CBDFDE8BFD51E706C0FABA4BE00E10B2CF7D80E77,1981-01-01 01:01:02,35721418,com.perception.soc.en,17100,8,2023-01-11 12:20:46.616385,play.google.com
6097D6A7B2D5BE3D446B1F7D19FB59ACAB7B217E437758652008D3A941875A43,1981-01-01 01:01:02,18847592,com.rebornimoba.com,12,5,2023-02-11 22:23:29.604081,play.google.com
B43F22BCBE24AF77923BFEC88137A990A3C631B2C418AD33ACE08EC81B49058E,1981-01-01 01:01:02,13149675,case.avead.dsvd,3,4,2023-11-12 09:42:51.236216,play.google.com
86A164E4D0C52313C3B7A4A10F833CFB6BBE887CACEC55F17FED41BBCA76FAD0,2015-03-31 16:05:52,42806996,com.luckystargame.funbigtwo,14,4,2023-12-26 04:48:46.418774,play.google.com
F7E2AE9BCBAA56F4DB98F1E14564C8516794C70B0EE9FC867DA5B7BC292FE6DC,2020-09-28 20:46:36,8929167,com.gosm.gamemanager,11,11,2023-02-14 14:41:01.560602,play.google.com
C659C6B85B8EB2D7B52BD1A00997655AD8A74BB45F58C7ED20CB163F69CF4764,1981-01-01 01:01:02,43757367,org.antifilter.eitagram,699700,4,2023-12-09 22:40:00.513056,play.google.com
87CED97987FCAD78CF8F1C166747644741003C6959EA926C8C4AF741C4977986,2020-10-10 19:02:00,50592582,com.juhaoliao.vochat,66,6,2023-02-14 14:50:26.087820,play.google.com
2DB953254E4525D50901F874FB444AAF6AE290BCD80DBDD4F64C47DEEA677902,1981-01-01 01:01:02,4942588,com.caynax.hourlychime,130001,4,2023-10-16 09:02:46.344905,play.google.com
351872C76E847666725C9DC4056B17867B3F18BE39AE41313F4810DE8DE5D6A5,2022-02-12 14:04:08,14860351,com.media.thainovel,36,4,2023-12-25 12:23:02.935522,play.google.com
FED721B290380A934A471FCDCE7EF0B290C954ED4028A9D525F479279EEEF279,1981-01-01 01:01:02,13922349,bg.display.digital.clock,3,8,2023-01-12 02:06:32.325919,play.google.com
4F3763D0B2454D899A4D0560AEBC88CF2FD28C88B3E0026ABF70394A232BC671,1981-01-01 01:01:02,25751399,io.cashraven.android,68,20,2023-11-08 12:51:44.166518,play.google.com
435A2F7728E309969B445FA6EE4BC36FE8C7EA3CC215CB3F715B5FEBBC1B9986,2015-04-03 14:14:26,44282872,com.luckystargame.texaspoker,8,4,2023-12-25 19:40:51.124396,play.google.com
2773C44C3BD1BB7D845D17FE8FBCDAA8A7B0C2182ED6429A796B83548933B303,2020-11-17 17:23:34,14579068,com.speed.svpn,144,11,2023-02-14 15:27:05.862899,play.google.com
078228083A3A666D03B00D616113556526CC22174121A2F7ED705E6D21CA17E7,2019-09-26 17:27:24,4239235,com.Insta.videoplayer,6,22,2023-01-14 21:30:30.175951,play.google.com
4D2AC662A1321D5D8778EF0BAB487689CBE7AF34174BC24F26C6150CDCE1F012,1981-01-01 01:01:02,6634572,com.dreamtech.bigbole,3,6,2023-04-20 10:40:13.826069,play.google.com
8A6C274B68F2D0D56E9CA286A54F610B3DE3E6F13DE5200E1FD55FA0A8797885,1981-01-01 01:01:02,9488018,com.grinal.ffire,7,5,2023-03-21 12:32:45.777621,play.google.com
8938B58E70FC530D4866991904F79C1B8535D1248CDD36801C5FD8D8F2FFF7BA,1981-01-01 01:01:02,13260892,com.mold.figure.gym,41,10,2023-08-25 16:31:16.493074,play.google.com
0C839E3139E9AE8DEECBBE9DFFD415137BDC42D3BC1381B5232B38A1DE2BB9E6,2019-04-10 17:42:30,18987208,cn.com.sf.fiberstore,10,9,2023-12-05 04:15:30.046411,play.google.com
B4767760E61792959D2D52668FE485E9C3BF66A8D483ECF7296A014FFFCCCC39,1981-01-01 01:01:02,36692137,com.walkingjoy.fitness,10028,5,2023-01-13 14:58:54.413049,play.google.com
F670FF78130BEBC8AC8D338D87B2E95163467F4AF7CA8ED4D1CEAFD4D97EECC2,1981-01-01 01:01:02,11401692,com.plustv.nk,8,8,2023-09-04 22:40:55.476241,play.google.com
D29E2FBB418F8C671A1CE8BBB44355432268602DB7721CE5129BC841C72174EC,1981-01-01 01:01:02,6256383,com.daily2plusodds.bettingtips,2,4,2023-06-20 05:14:38.675452,play.google.com
C6C2904F1B011252EC25A03F913119F561A587DBF029B9FC2866C107B8F539EA,1981-01-01 01:01:02,24596801,com.kh_super.android.supermerchant,230,11,2023-03-15 10:29:39.752379,play.google.com
36AE9B25AB6F48B4A8AEC93F56162B1ED5F299513A8ACC0A63CD273DF8ADA02D,1981-01-01 01:01:02,11883501,com.gorev.lisin,2,6,2023-03-11 16:51:14.223798,play.google.com
491D567C870EA1459DD7393AAC9FFA0ADEC86554C7CD50B087731809E8E9967C,1981-01-01 01:01:02,21889863,com.mygirl.aigirlfriend.app,7,6,2023-11-08 16:46:25.429447,play.google.com
91EA9F447B2AF650DD629CB116C01AF7186DBF70BC8D8E8C05BC8F5DFD96B614,1981-01-01 01:01:02,5532327,com.magiclantern.fastspeed,116,4,2023-09-24 23:31:36.537809,play.google.com
C8C298510AC51EC0D4DD075FCAB1349B777CE3BB538471A5E31D64E0E2D2BA3A,1981-01-01 01:01:02,12043422,com.USIB.Child.ChildControl,7,4,2023-03-17 15:29:36.141586,play.google.com
B2DD9F9EB6A6C6842F0C2B09C4CFDE19B9C2E99AF4D402DDB96D04A455F0B6D5,2023-11-14 13:43:56,14384897,com.robinge.onepos,8,5,2023-11-27 22:14:11.089546,play.google.com
552B75A0C9CBE66A86244989D055452085BF3CBE693EA9C7E5CF8B49F642ECFA,1980-01-01 00:00:00,33037607,com.Fibrum.vrfall,51,6,2023-12-08 15:05:56.761747,play.google.com
144DE6634F27DDC41E8A080CE8EABC08D0B699EDA40CCCEB7DC03AAAD1384388,1981-01-01 01:01:02,23236213,com.tmboxhd.global,155,4,2023-03-11 22:54:12.496322,play.google.com
06661B7F78D300532CFF6FFEEE859E31F5A1A2838F61474F3961D816D8E35008,1981-01-01 01:01:02,14879093,com.nnxieli.brainpix,13000,4,2023-07-21 11:14:35.600304,play.google.com
550E844411D769C9D99BA8E0E367FA0DC2D8D843B86FCE65570372B9982817A1,1981-01-01 01:01:02,20995231,free.call.international.voip.phone.number.wifi.whatscall.freecall.callglobal.billing,3888,5,2023-11-05 05:07:36.247336,play.google.com
EB7ED0E4E3CC9B38A7DDE59877B5E389B1654F40117271857E27F11A531303CE,1981-01-01 01:01:02,9254356,com.free.chat.gpt,87,4,2023-05-25 10:51:52.202630,play.google.com
BC3F6137F583CBEB946DE517E93A9553AC5DA553935C18D212984052DE317EC4,1981-01-01 01:01:02,11359038,uni.UNID7C8D64,20102,4,2023-07-07 10:34:05.867351,play.google.com
316A6CF45C72482B33A81DBF3499682E017075BDE54A2CEB4155EBDD0DBDCD62,1981-01-01 01:01:02,45022424,com.hrs.decibelmobilesolution,350,6,2023-06-21 20:51:25.764547,play.google.com
5805C50C3A7EDD7F9B7C53A1AC7CC60A31E9BCA6EE5A4972F774D564E0C32632,2023-08-25 20:33:38,40768034,com.jk.cengceng,122,6,2023-08-30 05:55:33.359304,play.google.com
193C5580E0192EF6643C31E923E5D4C47E7F4022A7B73EC81F7DE12410132E77,1981-01-01 01:01:02,37999141,com.eztg.muslim.islamic,28,7,2023-09-08 13:15:27.558538,play.google.com
638375CE1BAF8232BD0AA7BFA5AD64BE561FE0AA5E5BDBE2E105F207CFC05A00,2023-02-04 14:01:46,49684186,com.banofinancial.app,41,4,2023-02-05 11:53:10.514981,play.google.com
A0437C9631210FBF80E2A394B4290FBE400D84FA82D430B0FA24FAF998A5B5A9,1981-01-01 01:01:02,31184975,com.luizapp.metronetwork,10032,9,2023-06-06 07:41:53.231077,play.google.com
1CF0BDEA7AB44EB59F3D4A046D5AF95C0B6FD9BE5410C2C389ED60964BAFC6A0,2023-03-30 16:08:04,32926082,com.finetpro,101,4,2023-04-02 05:41:24.068707,play.google.com
81C722E3B9E4D68ADEAD782B187762A3316A05459C054E6E1822B217EA3F8237,1981-01-01 01:01:02,19210628,com.fsscard.fsscard,223,4,2023-07-18 20:35:27.662197,play.google.com
2AF75BD8D251E07C2695AFF61C85BDC73994BEE2293E5D03630C152A8C49B5CB,1981-01-01 01:01:02,36827022,com.recorderapp.screenrecorder.videorecorder,1020,4,2023-07-29 22:20:10.658632,play.google.com
10063610730F8B2CB0F925C5E0DF6E51CFC644F19D267345A6E2CE9CB8DC0B3D,1981-01-01 01:01:02,5781558,com.mucwltd.m,1,4,2023-05-19 00:33:24.453163,play.google.com
70A3562B55C1011FB331A1FE976230E7EEE87C36E5858BD8E83A87BFC5C6B15E,1981-01-01 01:01:02,7108310,com.mlbb.loading.screen,8,7,2023-04-09 11:09:21.051337,play.google.com
C0D8E7D50BDCC581FBECAEEB260D0E6E6F1A5D605ABE8BDCB27D2C92A28F4559,1981-01-01 01:01:02,7985182,virtual.app.clone.app,130,4,2023-05-18 03:48:50.480816,play.google.com
B127A6F87258F09CBDA687E07425CBC164D014A9F1DD7EF3968E9B9FAC4D3F5C,2023-03-17 18:35:16,26252010,com.yadea.smartmotoen,208,6,2023-03-20 10:29:26.432458,play.google.com
F8CBBFDBA560BB65F39790BCCDEBD991D550894C0766ED153B8ADB196088DB2C,1981-01-01 01:01:02,17514296,com.solid.color.wallpaper,30,4,2023-06-17 20:51:09.947503,play.google.com
D93F9B7782A3C5B42A5E492F6EB670E649A9A02A4CB292C3A49003FE5463AD50,1981-01-01 01:01:02,14706869,com.money.Mentorship,4,7,2023-12-14 13:15:23.127963,play.google.com
CF3BE2F39AD6E1FBD7EB76B3A1A6D42A5085EDF5FD5321FF7F3F3E3B14BCF859,1981-01-01 01:01:02,18008400,com.bearboxstudio.skinforminecraftoffline,10,8,2023-05-24 23:04:48.765458,play.google.com
F2B120274D66A5D85AC3A9FED8DCEEC74A858A8B5110C181381F553C1967EEA0,1981-01-01 01:01:02,2183993,com.reactivstudios.android.edge4,46,4,2023-09-11 12:30:12.754328,play.google.com
B5A5B1863F605A2A746DE9E61F5FF9A00587F8DC3077BBBB3D86C6CAFC520F91,1981-01-01 01:01:02,11582874,com.joyer.mobile.clean,103,5,2023-10-12 22:46:22.460984,play.google.com
DF17BC5B96F6FE5D361D1234977461FB2A676BBC2230A10B2FF72F93DBB09AD7,1981-01-01 01:01:02,23825391,com.messengerfree.forchat,25,4,2023-09-04 22:35:07.269772,play.google.com
289D184CFA91766A77BCD2ACB1B04B2B43298FD04FC63D53399FBEA17824AF0C,2023-03-04 17:14:38,42799938,com.jk.wisdomcam,61,4,2023-03-12 03:55:35.841297,play.google.com
E67B5C5AC7701FF37EDB3842D674326C319F38CF6173985E8FB4DAA4D6773D4B,2018-03-20 12:04:28,13704123,com.rika.noviana.ramadan.duas.offline.duaaisiamic.invocationsquotidiennes.bestramadanduaa.dhikrdua,6,4,2023-12-16 01:48:20.281115,play.google.com
331DB3367A0B2ED441F289B31FD68FD33401A57EDEF7F8C951C63D881861A2ED,1981-01-01 01:01:02,7141284,com.eprogrammers.kindheart,1,4,2023-05-14 02:42:57.277103,play.google.com
E8459109AC696F366BCDC8C59D327A3374E662A1ECA66BA50C08D324180C6B81,1981-01-01 01:01:02,14433971,mpn.piste.find.alex,8,17,2023-03-28 07:07:39.777932,play.google.com
A11C97CBAEEB6FE7E19EDA798949D5E1ED8522B3A0266F8433C0219743F10ADC,1981-01-01 01:01:02,17138601,com.money.Mentorship,9,6,2023-08-17 12:06:30.172464,play.google.com
57E1BA373568165EC8E8A40A1CA0D4451290367F0BDC7118C7AF1A3EB5E6171F,2023-11-10 09:05:50,47893427,com.phinx.Warmlink,133,4,2023-11-12 15:39:43.400460,play.google.com
4F882E2F3EF5CF5DEC19A52F79612323F8E49D8191E799BC4975E381F3107257,1981-01-01 01:01:02,17989655,com.flushpatti.yohipattipgame,10000,5,2023-01-23 10:01:58.328681,play.google.com
7C30033AE17A015FD708E9D3FAFF464B1ABD6188C4553E33C540904E5C673BC1,2023-10-21 12:41:28,14401281,com.robinge.onepos,7,4,2023-12-05 12:47:08.832775,play.google.com
FBCDD0E84A3240B0E04B4964C97F5B0549AA6C5CACADEC31B199797E91E9FD98,1981-01-01 01:01:02,4772587,znay.group.UnconventionalHealth,10005,5,2023-01-02 05:56:12.299729,play.google.com
F29B96C6E5FD316E7D64CF0D5AA5C64AD763F03A547F5FCC2B5673D83AE0C538,1981-01-01 01:01:02,30029406,com.edupam.user.ictech01,14,4,2023-03-04 14:04:14.038680,play.google.com
02FF7B26E683392B2FD84DA189D005E87A8890F853C79035A277C8602B4F9CAD,1981-01-01 01:01:02,10576312,com.supdropshipping.app,230,4,2023-07-03 19:57:22.070999,play.google.com
E07D5CE4B18D6A712F286C35805635B0E2D87839692F37AAD8DFE1DAB652CC86,1981-01-01 01:01:02,25558365,com.calllog.notes.callreminder,62,6,2023-11-14 00:48:15.630036,play.google.com
DD74DB6CD851D2FD35D8390582415134E3E45C90CB788226F972AD9CEA4B5FCB,1981-01-01 01:01:02,8743231,com.pspgamesdownloader,22,4,2023-06-28 21:33:27.742334,play.google.com
DE43E189F94BED80CA71F13B827E92B5E677082B1F3F70FAB8F36A2CE4749CF0,1981-01-01 01:01:02,5202701,comz.onlineplayzeus.gg085,1,4,2023-06-26 14:29:31.622702,play.google.com
C120557D3CF7319ADBA1C80E64EB01A62DC3956E5AC26AA73E648B246178B310,1981-01-01 01:01:02,5294052,com.mediatv.raeedtvgroup,8,7,2023-08-29 22:28:20.905373,play.google.com
537ACE74C8C397A9EF0E6FAA8AC40C241DC77D763F9AEB800DBE90F825D63250,1981-01-01 01:01:02,8619197,com.vector.ipad.gr.ip,18,5,2023-01-09 05:06:21.012450,play.google.com
70501C35AAD9C7B1C2D8CC3518BF5EFE18C2811AE1AF2988D09142580C076335,2018-07-13 19:23:40,28713615,com.utec.utec,16,4,2023-12-25 03:58:20.112922,play.google.com
E7233AAAF3A2C08A9001888BF8320FF61D8B9C6523FEDD642B541A8185E4D62E,2015-12-13 09:06:40,680501,my.company.japanesewordryu1,22,5,2023-12-18 10:43:40.941504,play.google.com
166F91955AD09D101D68E2B81ECB284F967DD6CAF7D57DC13438F1B61CB1F50A,1981-01-01 01:01:02,36382566,com.abuwaelyenna.AzkARII,5,5,2023-12-21 08:35:54.311726,play.google.com
2B89A45769DA200B5FCEAE4DBB324433A3D4FE769C6EF4DBF3268086C6B117DB,2023-12-03 10:42:56,9072862,cn.trinea.android.developertools,7100,5,2023-12-04 07:55:53.004153,play.google.com
0892E4973BA627EEC8BFCBB495D54CAC90BFBEDBE696210FEFB44D1590E56260,2023-08-21 16:58:00,41196942,com.ecartek.en.kd,490,9,2023-08-25 10:51:44.710791,play.google.com
037564A4C52318807A9D6B75D374CF0BB7754C57EB31C866731B5695B72DBB6E,1981-01-01 01:01:02,12771893,com.craftsmansuper.craft,2140,4,2023-07-16 12:07:55.376593,play.google.com
203AF053AB2B0BE7F662EC800A243416786CD6934F17844E5F9CB7BED38573B5,1981-01-01 01:01:02,5394478,com.MasterGfx,4,5,2023-01-07 16:01:56.486531,play.google.com
D4C1B382127589616FCE06409CAA9FE1322DBCB9CD7951EDB775B876647699B0,2023-10-26 09:44:18,29539054,com.phinx.poolheater4,165,7,2023-11-04 17:14:46.351914,play.google.com
B53402094DF570EF086638DEC421231F91C518D785EF9C4D7984964223EEF1FD,1981-01-01 01:01:02,12228718,com.bluetooth.device.autoconnect.colorful,11,8,2023-08-25 16:17:18.518648,play.google.com
72FC8C98ECD7E6C28A848C4F7B8CE8AEDD6E11808F00C3D3D2F2F54BBA93ADEA,1981-01-01 01:01:02,15352997,com.easy.money.ac,33,11,2023-05-28 02:20:29.033499,play.google.com
D54FFDD6F5AC82A1279494CE9BDE146B89DC4679E6D54D2F654755B14799475A,1981-01-01 01:01:02,15996956,com.blood.pressure.intelligence.trend,28,4,2023-10-29 15:17:28.341325,play.google.com
37CA3B973C3CDA46F44708A6686F1EEF7E462290D0F55A5FFC5090C7C957CEAE,1981-01-01 01:01:02,7450419,com.sektaAqeedah.jsd,5,4,2023-01-29 00:31:52.543173,play.google.com
92B180929D75B7231ECA2A34D0A4C8B262FC4751EC9EBFF69FE9FB327E9BEC58,1981-01-01 01:01:02,217487,com.subnet.calc.o,2,4,2023-05-15 18:03:25.240870,play.google.com
EFA9B22E9C35222CB6D4499548CECD35DA3E46204F8A4804CA0A76A1DA02D23F,1981-01-01 01:01:02,20355936,com.audiosdroid.speech2text,29,7,2023-12-17 13:54:13.602760,play.google.com
9F16F8AE973B06E383E427EDA9E3E11EE14D4565D6491BCDF3F3D98243E339E1,2020-12-12 15:22:08,8877565,com.starrycamera.funnyeffects.makeupfilters.collage,11,10,2023-02-14 15:31:58.973190,play.google.com
51305327B2425AEE94C56E69AA7FA2948FF2D382C8D928C4F22A704A3BAB31C2,2016-11-08 16:18:52,10873368,com.ma.ld.dict.geography,7,8,2023-12-23 02:57:55.637102,play.google.com
1D6B7655AC9C96DE1179E1C175B8D81F33169B7AB2FD2E96EC94DA248BBA132A,1981-01-01 01:01:02,32048323,com.idbpro.eliant,3,7,2023-11-04 13:09:37.466393,play.google.com
6ADB64DCD4B31CD6E85F0D58B8368B2119566CB1A5D022309AB5394411CDB9BE,2018-11-28 21:26:14,4468201,com.compareinsurance.carinsurancecheckapp,1,4,2023-12-22 20:38:56.618026,play.google.com
28A6FEE49164CEAFF8C9B7076B90911152504B7712D3F7E2327E2241CA9E0DF8,1981-01-01 01:01:02,3072481,com.WobbiTech.ACMlocks,2,4,2023-03-13 01:02:10.491735,play.google.com
4860632B05958F9FEAFE112313ACD14430CA44BDF206AF6CFC2BA12399FA74AD,1981-01-01 01:01:02,7641640,com.rith.g6.kh,15,6,2023-06-29 02:24:27.858033,play.google.com
4B4876FCFFA5AD3F7DBFFA2B5201BFC27CE5D1AE3EC2B51699D1AEF8A6EDCE02,1981-01-01 01:01:02,20442080,com.gamut.farvisionsalesforcer2,148,4,2023-05-13 23:55:38.957045,play.google.com
48859A9EBAB50FEC81E94449CA30702AB99B6046F5EC64BB5D11F116A1219C02,2023-07-15 14:34:10,12584057,com.baicaosoft.stock,411270,7,2023-12-16 11:13:47.683199,play.google.com
11906DBB5DD1E1A24FC5CF9AAB69DC9433FBC74E92A1B30096299D1762D77BE0,2023-03-17 09:59:28,8325556,io.cordova.myapp53513c,100618,5,2023-03-19 01:28:04.220729,play.google.com
62DC8221404CA284555E0A059E9E9B775C834692EF84C024BE7D9329C59FE3CE,1981-01-01 01:01:02,10568664,a.vozdacomunidadenaweb,2,5,2023-01-07 20:02:41.127225,play.google.com
F290514665EA47C5FBB6A38725CAA19DF10E03B12A61280DB5546852E5DAA79D,1981-01-01 01:01:02,41769618,com.yeefun.murder,23002,8,2023-11-03 06:28:16.619149,play.google.com
CC20B4DA7AFD7811D5F1ED7F4E46FD6BC347059C29BDD6E3C9EFCBA9F612C7F0,1981-01-01 01:01:02,9642775,com.angelloft.zimakz,1,4,2023-05-20 15:19:42.477293,play.google.com
11E158E5C7D32666A753F0E69A8E546D9B44E83F0FF66DFDE0DD311A415D120F,2023-02-06 09:52:36,29995516,com.bet007.mobile.score.d,105200,6,2023-02-07 00:09:46.385921,play.google.com
32114968A14CE762AD396036FB23016B7C0B03471F9A6A7A63F3DB43DE82A1F2,1981-01-01 01:01:02,4338308,com.generator.teleg,10,4,2023-09-26 13:18:50.736435,play.google.com
C15529E2CDFDCAC467B52FBE6ED1A124099C467CB034993B49CA71775E3AE6AE,1981-01-01 01:01:02,6396770,com.coopresapps.free.antivirus,53,8,2023-07-16 19:56:32.578176,play.google.com
E859705FA8756905ADCE2C7D7B3549E0928A893DC3584932415EBC0E7750D17B,1981-01-01 01:01:02,8645899,com.ln.gfx,35,4,2023-01-19 07:09:09.781987,play.google.com
8EF376BFAE999B012FF1ADAF0F403A3EB43397D2571C9AA3FA13CB9F595EBA65,2023-08-23 17:45:52,18735186,com.kd.smartwatch,33,5,2023-11-13 00:11:56.194492,play.google.com
AA3F69C179934E0CC77677B3F692351DB5C26F3DE4CF1A51A87888D59E3DFA9C,1981-01-01 01:01:02,34414885,com.minecity.building.lokicraft,1,4,2023-03-22 14:44:11.020118,play.google.com
98BE6F64646D08D995E064CB377E720630E869040DBC8FC6A764781AD23C7657,1981-01-01 01:01:02,50450942,org.duna.fjakd,6,4,2023-11-08 22:18:24.929338,play.google.com
85F917822D028F143E5BFBE52FD89B4887BFEEBAE216AA8383AEEEB7BB81A9E9,2020-11-04 14:44:50,15954297,cn.com.adsmart.thermbbq,24,8,2023-02-14 14:10:55.617133,play.google.com
B3B39469CFB3891178BB72E60D612CF13F06C027C6A7D8ADD711391A630A3905,2020-09-17 15:15:58,6007491,loop.uchetechs.vpn,7,21,2023-02-14 16:05:52.314100,play.google.com
E2C6AD3704ECA9509A46C7C48B759B2B22AEB9BD1B41E4A88519E85068D91D93,1981-01-01 01:01:02,9450353,bloodpressure.bptracker.heartrate.health.healthtracker.bloodpressuretracker,3,4,2023-11-10 01:05:36.061888,play.google.com
9531C19781664C63283B3577981F76131B34DCBF7CE9585C357415EFE1344BE4,1981-01-01 01:01:02,8861068,com.cyrust.sigmabooster,5,4,2023-11-10 17:14:05.801782,play.google.com
C046AA8AC551F823B6BBEDA8E25F45987CFF146EC0C09C9AB97EF2338F6B42EF,2023-02-16 16:11:40,12018233,com.lomol.workout.loseweightm,230209,5,2023-02-17 19:49:21.660332,play.google.com
4103E139B311442568EB46797E21B45CC5F8B98F62CB1FC4FC3E72E988CDE88B,1981-01-01 01:01:02,32334748,pdfmaker.pdfconverter.imagetopdf.img2pdf.jpgtopdf.pdfeditor,104,6,2023-01-14 17:15:12.422150,play.google.com
064BA60E0F7D2943B0BD0B4723A1DA730F2DEBD2B99D9358998AECE0817488B5,1981-01-01 01:01:02,26975099,com.think.earth,225,6,2023-11-04 18:17:24.160945,play.google.com
79FF74B27E4B17FAC1CB5BCE6CE417C88371BCED87C1A458B42E6BBDDBAEFB6F,1981-01-01 01:01:02,44604887,com.happytowinslot.casinogames,6,5,2023-05-20 23:40:40.697458,play.google.com
1D7642404F01B5FC06A9EB9BF320F508D419485076A143CD2F1D59542561D56A,1981-01-01 01:01:02,6865696,com.playbetfurybitgame.app,3,7,2023-04-10 00:03:36.432381,play.google.com
3A49E0DDE34E3E2751E18C175CE7019C6DCEC5B7C073BBE7F683E206B4F999AC,2017-03-03 12:52:12,15468478,com.BloompixStudios.HouseOfTerrorVRFree,30,6,2023-12-05 20:55:54.898602,play.google.com
050762136660335ACD0DBA0D1C93BBD75C947CF9E6AB985F6AB679F0156BF92E,1981-01-01 01:01:02,10693658,com.supdropshipping.app,228,4,2023-06-20 11:02:51.603325,play.google.com
8A2C8AC02A221B590E9F8480A3CA0D91724EF1AB392AB7F86BCDB24275B934D2,1981-01-01 01:01:02,14165740,com.setes.mobile,3,13,2023-04-02 15:52:26.612259,play.google.com
997E4392B17E1666AE17D994DB0BC8104C08A5AAB2215A931AF14739B2A31EFF,2023-02-10 11:33:58,50796330,com.lomolsoft.dict.cedict,230209,4,2023-02-10 14:23:41.886337,play.google.com
C154102141DC8C6D795271E8B079B4BB01F72676C7C05400E86F5389D052DAF8,1981-01-01 01:01:02,6895459,com.undertaleoriginal.bitsandpieces,20000,4,2023-10-31 19:10:53.057172,play.google.com
9CE589DEA8806DFA4C901B835696643BA1EEA8530252967C6DE1AC1F4D18238E,2008-02-29 08:03:46,6765603,com.AiGen.textmaster,14,4,2023-12-23 08:49:50.890302,play.google.com
A1FD004D016AA908DAC90AC8D52099C0F131637A3A54C7315ECA030F61911662,2020-08-21 15:08:30,9672619,com.speed.svpn,70,10,2023-02-14 15:30:00.693301,play.google.com
56D8D9823C71AC1FCFF6CC81E6F6684F08BD5B522EA80858A1B506AE8B03ACEF,1981-01-01 01:01:02,2428579,com.androidx.paydayEarn,4,4,2023-09-16 04:39:36.175595,play.google.com
DE53FEA4F1E5CF3CEF6AF5F2EDA2E9632E29F716E79D39893A99E68E92B861D6,1981-01-01 01:01:02,13737164,com.bs.findonpabna,1,5,2023-07-02 23:35:13.017237,play.google.com
318AA9DE884C52B5F84846EB9444796F2FB45726A4644D4190B924DE7660B963,1981-01-01 01:01:02,33862397,com.ai.bfly,2803,6,2023-05-11 18:12:38.444783,play.google.com
4F6AB8A7753DFAA5B43A43373068717A8F4917A78AA30BB1A32D07EE9251C4D1,1981-01-01 01:01:02,22111704,com.bgm.gfx,105,4,2023-04-18 13:35:04.353314,play.google.com
0B1B3B57D4EC963151790231716767ABBEC6E8CA15CAB38ED0C9AE46068FE54F,2023-08-31 15:55:38,44071852,com.jk.horizoncam,60,6,2023-10-04 18:21:31.560127,play.google.com
5FB0E93400CB2D5C89F5F0161AC74ADAA5D4834382CCA04C8247A42328E425A3,1981-01-01 01:01:02,3341036,com.legroupemaurice.theia.app,900044,4,2023-11-07 07:50:22.130187,play.google.com
781DA7AEF45453AE8A30E0E3C2861E2EF338D64C628224C281587481DCE2C717,2023-04-19 17:10:20,52148780,com.sfacg.comic,1492,5,2023-04-20 15:36:03.691029,play.google.com
4C05AD9AD943CD05DE2D56DCAFF7DC5D3F57FFC159D3D54163118DC1FCBE54AF,1980-01-01 00:00:00,6410121,com.thumbtel.anothernumber,4,4,2023-12-26 01:56:34.311022,play.google.com
28B22EC33C311ABD90A92A89D9105624985B49BD84D166DB2BBE6274E0D971A4,1981-01-01 01:01:02,11261968,com.inx.gold,12,4,2023-01-23 16:08:49.552687,play.google.com
A9386DA32BEAB8746AE8883895AFB8A5E4FF4A249433032166B6429B67A87FB3,1981-01-01 01:01:02,8157727,com.zhengjunwhizz.owm,231,4,2023-05-17 07:38:08.183026,play.google.com
D2654B982E32F479924D92DE429C2B8D15219C66CB46D11A93DBC57F2E79E129,2018-04-13 18:08:28,9830470,com.utec.utec,10,5,2023-12-26 10:59:54.783593,play.google.com
8989BD11BE9204910B235BD8A90DE30AE34B459728531FEB0D9B1C6AE1A37AD2,1981-01-01 01:01:02,31121746,pdfmaker.pdfconverter.imagetopdf.img2pdf.jpgtopdf.pdfeditor,111,5,2023-11-10 10:06:24.876226,play.google.com
2ACDD762109D000F32ED1E217FAC15DCC963D28B1ACF1B0A5CFFB567FDAB7238,1981-01-01 01:01:02,5254471,com.appstre.kargotakipsorgu,1,6,2023-11-14 07:46:49.691881,play.google.com
8F7EDA734C8F32A58B309A6DC097DA216F1CDC5E04563EA895A52E19151A15BF,1981-01-01 01:01:02,8066205,com.ghanaflix.sytacle,6,5,2023-11-20 10:54:33.901190,play.google.com
C5E4BA4341D05B078DCCB9F86B18859404FDC21240FBBFA5B61461CD7A80B8CD,1981-01-01 01:01:02,6548435,app.childsafetytracker,45,19,2023-08-30 08:15:04.039596,play.google.com
870D34B2B506101096D5FBE7A1A2BA121C89C295B205D46C0A8536383CD8FEB0,1981-01-01 01:01:02,14078933,com.videochannel.aprender.tocar.guitarra,30306,4,2023-06-26 18:42:32.933291,play.google.com
E3DB949DCCFE9BB19B0CF610FF8F3541D33776E7241E491E7BD47CC169D0AC18,2020-06-10 17:43:44,33646016,com.glority.everlens,10,9,2023-02-14 14:39:32.861698,play.google.com
74B8D580087732CEA1F21EDF8044B0BFE7F0099966D681E84FDB6948EECB4921,2023-02-01 17:04:08,8854259,com.arewangle.hausaradio,21,4,2023-03-11 19:37:59.408591,play.google.com
3664AADCC1A87CA7E9B51CC5751A6CE74F8DA9161FCAEC59AD4E9453D76D8C36,1980-01-01 00:00:00,8191891,com.mobincube.diccionario_griego_biblico.sc_HP9E26,2,14,2023-12-15 15:02:35.835025,play.google.com
B79CE5BEBEF5E52A941D4F71B72EA262277D9094903D300316C5D5E5CDCD9495,1981-01-01 01:01:02,6691164,uni.UNIA2D94E7,19,4,2023-03-22 02:50:05.186680,play.google.com
F2748E2D0919FB61C127076FD56D1703D78A5D416C2DDE8931D6607680BDD866,1981-01-01 01:01:02,8389665,io.AEpartners.dcloud,191,4,2023-05-31 22:36:21.909282,play.google.com
E0DD3751FDB26B0329E7329827F911499AFB23AD4E11DAF91CBA0AA5AE9686C5,1981-01-01 01:01:02,5977187,com.wifipass.unlockword,1,4,2023-02-18 10:21:51.385430,play.google.com
B70F9A212BE8E9B4D3FD7E9345783AA7EA805F54157532F1199CD32CD27D595C,1981-01-01 01:01:02,13816277,com.barfee.mart,283,4,2023-03-31 21:12:49.144198,play.google.com
BE6BE94B3643129CCA1AFFCE07B02D981D524230430F104C3C14CB014E734BD9,1981-01-01 01:01:02,13115888,ayulearn.adxx,11,10,2023-12-19 03:52:06.079697,play.google.com
5A31C7B4ED78202DADC64E6B9EC73266340204EFEE41325344735993062CF914,1981-01-01 01:01:02,10219585,acervo.news,6,5,2023-02-04 10:10:21.190264,play.google.com
2F6B75ED6CA06647189A35693D2007EB9E9E90CE38336F2DE0E54E3E369AC9F4,1980-01-01 08:00:00,38070946,com.thehot.hulovpn,100600,4,2023-02-01 15:13:15.640464,play.google.com
B504E5A0E2A2AF9839E45B8601CE1C9DB6431D02D884B8198BD7BFC09E1F98E9,2020-07-28 18:45:34,11230163,in.odiaportal.odiajataka,2,4,2023-12-18 10:47:47.019213,play.google.com
EC346D1AD8892D303F2380159520CD10C4B39FE09DA9A3C89E2BAC221B53AE4D,1981-01-01 01:01:02,35723806,com.smart.mathcalculator.solvemathproblems,1010,5,2023-07-21 01:39:39.804416,play.google.com
4B69EECE8AD75FF0BF488344E08D3790FA42AFBF2F9B7276935082848E9D9C17,1981-01-01 01:01:02,11836901,com.haircutprank.airhornsound.sirenprank,100,5,2023-06-13 03:42:31.126984,play.google.com
AB63B72FDF5B43B5A5A6ECAD6B109D8F204DDF3114BBA3052E35677A3E95BC72,2018-03-17 18:09:40,11041086,com.utec.utec,7,6,2023-12-25 14:23:02.475591,play.google.com
8E13E47DFE6D1EF9113B5CFD658812F03082D0B3822F3DD2A8060C306666A024,2023-11-16 21:09:52,37542812,com.stardust.kissreader,1418,4,2023-11-18 16:44:05.681404,play.google.com
ED27F0379F5795AE378C778514816FA7C949C5C990BF0EA4B94DAB8EDAD0166D,1981-01-01 01:01:02,44142169,com.carnival.slot.treasure.slotparty,13,5,2023-06-12 23:03:06.927899,play.google.com
C18EFE6127DE310943292DB5317E9042BB80A40F939E8FAAC8099B24EF53C2EC,1981-01-01 01:01:02,5361326,vector.microtracking.fourseasons,81,7,2023-06-29 20:58:40.000997,play.google.com
057648D2CE06030E7B00B8F87677F7217554077E3951526F2FB6855343D9CAE5,2023-11-07 17:50:28,40367749,com.tsci.egs,15,5,2023-11-09 14:39:13.722882,play.google.com
67427568217C61F9F261B4DCD5E4D5AB8A05AD7113E5E44C22B29C6E3D76FFE3,2020-12-21 18:02:22,41639934,com.hellotalk.aigrammar,55,5,2023-02-14 14:43:09.269723,play.google.com
A924F8840656C5AFEC7269329697AD97267A6651509E3E234A8E643CDB8ADCA0,2018-06-07 12:33:50,14535266,shamimsoft.Joshankabir,5,19,2023-12-12 13:48:51.734777,play.google.com
875FD5C548A3CB53E2EE14FC7D0D8176A294B0A07D6C308DC76D2EFEB78A74D6,2020-09-24 17:06:08,11691052,com.speed.svpn,98,11,2023-02-14 15:30:16.232713,play.google.com
29D5B1429F5F0ADD93A3E0ECAC73615CAE3A13929BFBC926BB54D343B087888C,1981-01-01 01:01:02,8150994,com.forebets.today,16,4,2023-05-17 01:06:24.796986,play.google.com
9BCB96FD60A4848C816B20B7863AB0ECD0393CB21DA89F894FBABE3D6BFC727F,1981-01-01 01:01:02,7393898,com.tisu.gcsgz,130,4,2023-12-12 21:08:55.955759,play.google.com
7049029E7FB05D4C544806C38290B0A127087777BFA5BA1177459208F5B75DF7,1981-01-01 01:01:02,26354115,com.warwar.godof,160,8,2023-04-17 02:11:42.555951,play.google.com
B7BC1B38A4F6423A92421D59DCEDE8AF53035E90889B697C570CF24F0FF76193,1981-01-01 01:01:02,217487,com.metodo.sei.piramidi.o,2,4,2023-09-15 07:52:28.622123,play.google.com
81278BE815208F57CA4DF642E14B696703448AC96A81865B25B23BA6552E7B7A,2023-03-22 19:10:00,49704892,com.banofinancial.app,44,6,2023-03-24 06:58:21.634118,play.google.com
EE5A89EDF7FA6C41592526C0435CEE6260DA47D9340C38F5EF787137270B912D,1981-01-01 01:01:02,45747255,com.hrs.decibelmobilesolution,342,4,2023-01-20 21:52:27.844925,play.google.com
163A254CADE8CD40739E0562D2DE416B03B3580731585BC3E673AB72132FF2E8,1981-01-01 01:01:02,12939751,com.diono.ttspanorama,8,5,2023-03-02 09:50:21.612092,play.google.com
913671D279101147C1E8BBA1B4362777E419FBFAC34E40C97EEB3172DC87DB24,1981-01-01 01:01:02,26372052,com.ryumoto.gfx,21,12,2023-04-05 12:15:59.836590,play.google.com
5688CA2156AD6BA84F0FE488D27DC5578A7C3D710D424207373CE4193633888F,2018-12-05 17:03:06,4468251,com.compareinsurance.carinsurancecheckapp,2,7,2023-12-22 14:55:11.987375,play.google.com
D693FAECB89D31092913AF498776BA72FB0D4DD243B9DB2A2EF3E1772D1F9DF5,1981-01-01 01:01:02,40948654,com.silverbat.knightage,151,4,2023-02-21 22:24:30.084777,play.google.com
631D05384564F2FC420EECD232D25EB3D7B6BBBEC383F36673FF5BB97A2D6496,2023-02-10 17:52:54,45940069,com.qiushui.android.app.idiom,230209,5,2023-02-18 12:09:35.598629,play.google.com
EB228F150E8F8DD48B26429B28721DEC3C37CF5EF94DD04E4165CEF5B01BE1FD,2018-04-15 16:44:44,2955954,com.xiuxin.ins.follow.unfollow,2,5,2023-12-23 07:10:08.502716,play.google.com
5283D1465600271472D03CC8F6DA2DE58F0D58F51ECBFFEF56D668459FA3826D,1981-01-01 01:01:02,33205128,com.kirakdyrInc.sistersmakeup,10000,5,2023-03-15 19:47:52.920740,play.google.com
027CC93CE2B0C7FD5A48462679377FC681A0DCA6B50B24B11EAF7A2667D662E5,2013-12-11 14:10:36,8929861,ak.christmasshooter,1,12,2023-12-19 02:25:05.675717,play.google.com
F82D38F9DDBC4A7CFE26A393BFFED79E86C05615CF2A9378759C829A0D6A498A,1981-01-01 01:01:02,8650303,com.vaultvortexvpn.android,6,5,2023-11-03 01:33:26.371454,play.google.com
9F076B53CB00A1D1D7529540273A21C75E4841F68806CCE64137FBC1A262D865,1981-01-01 01:01:02,8232795,ba.bhtelecom.mojbhtelecom,25,4,2023-10-13 01:15:22.690509,play.google.com
7A89078D18392EBC8D1157322B4BA65169986065D2765E21207D033618838E50,2023-07-10 15:56:56,37139860,com.jk.linksus,47,6,2023-08-15 23:53:26.457600,play.google.com
DB08EB2FE4FBC46904D97CC4A5640280C874F02EA6364EB34AA691FF8A399725,1981-01-01 01:01:02,38953966,com.aszj.jupitercleaner,53,4,2023-03-07 19:08:02.664548,play.google.com
8F1A19A4B69A4F1EAD694A46CBF7847037448877C14CD28B2BC30E7E074EFF4C,1981-01-01 01:01:02,12448331,hack.mobilelagend.ml.skin13,1,5,2023-01-02 10:05:24.738167,play.google.com
815AA5CC42ABA9A1D284A11F50C1A51EAEC9208FA84D853D06D1F85ED6BE76D6,1981-01-01 01:01:02,25592412,step.counter.sweat.walker.android,30,6,2023-11-09 18:52:13.556752,play.google.com
4BFA5F3FC9E10B0C64A0AF2BE12529EA547BB33FF1A13EC7D9E80B636B23B2D8,1981-01-01 01:01:02,30609109,com.cloudmob.game.playtube,123,10,2023-05-05 18:03:40.275708,play.google.com
201952C914801907D7F2D01C86FCCCFF7C3250E5DA91E7E8D0D6FD73A1C7367C,1981-01-01 01:01:02,13441330,com.APPtudio.WINNER,2,5,2023-02-09 08:32:39.976975,play.google.com
1142F6541E7F9511067FD367A2073B58496F644533CD55389C9F241FB016F8D8,1981-01-01 01:01:02,10313037,com.fast.tidyclean,18,4,2023-01-12 11:45:29.573868,play.google.com
4F162676988702A3967FF98A386E96BA70E3F9E709CA093A8B5C00C0FB1CC7A0,1981-01-01 01:01:02,11927867,com.shubhlaxmi.option.stoploss.target,5,5,2023-08-24 01:12:26.204598,play.google.com
0F8471A9810B5FD5EB7502607FC0652EEEA457403C68BDE9D8FB7EB5B7650923,1981-01-01 01:01:02,16167190,com.zee.radb,9,13,2023-11-25 09:12:49.079959,play.google.com
66D04618555DF1F39BCFE39C4239753A4A8C006CEF4974648669D80064B848A3,1981-01-01 01:01:02,10152378,com.jalan.control.center.android14,139,5,2023-11-05 00:04:28.923962,play.google.com
C4041E7D26681BE8BD97025EAFFC49C69FD57613976C6E685BCE17AEEC46FBB3,2015-07-28 11:06:00,44627263,com.ZWSoft.ZWCAD,8,7,2023-12-16 17:07:38.551600,play.google.com
037530C46DAD43942858E92D0FDE905A79D04A5523E41E9950566F94DA94B377,1981-01-01 01:01:02,12665288,org.tunnelcore.lite,109,6,2023-11-06 18:19:28.927348,play.google.com
080778A5A87059197F58C9086D165A9F7ACE0B3FE9D1372F655E6C0AAE809770,1981-01-01 01:01:02,5851771,com.databasemaster.Web,16,7,2023-02-20 01:08:33.735595,play.google.com
24B8A12E350A41E7ACA55514CC51404CACEF53714EF806993F5FB23E62AA860F,1981-01-01 01:01:02,20028073,com.m4.prince.gfx.tool.yt,10,4,2023-01-25 00:28:04.755955,play.google.com
FB21B6F7DA7A824746D78A2C2B8FD40D0B16FA7C00D0BD86A4C2BC551F75F283,2019-03-13 10:52:12,4377747,com.aguotech.app,1,7,2023-12-10 16:34:46.964541,play.google.com
64E8778A333F61BC42C56D5499949EF6EEF628F473379E7EA0ECEB26AF42390D,1981-01-01 01:01:02,14485803,com.zhangyue.read.novelful,39,4,2023-05-28 19:42:58.198665,play.google.com
B33C87C758206AF3A3CCA22CA778634B32E5474F8A68412388B58F31E8BB7913,1981-01-01 01:01:02,14439906,com.gk.speed.booster.tool,100007,4,2023-09-01 00:54:07.322345,play.google.com
885E4B91662E9B15D860251C9FD84A80FBD72EF93C74AFC1EB5A1F57A218C20D,1981-01-01 01:01:02,15716116,com.digiwards.app,26,8,2023-05-06 18:38:02.598197,play.google.com
CF1D1E17878B81832BD305D0B8E74B714E8A35D1E8021098876D64A0361FE863,2020-10-20 16:38:02,29840803,com.radarbrokers.cfd,77,5,2023-02-14 15:18:01.306249,play.google.com
B945333D4FFE17529522CD64E488D83BDFEE079DEB47EA8FC533AE101F1440F0,2020-10-14 21:35:12,8545407,com.translator.lens.android,22,12,2023-02-14 15:43:41.409895,play.google.com
AE81C4A57D2FA1D6467492E508360AF8973B67B3095EBA153BCBC52240A0AFDF,2023-01-17 12:03:06,17429583,com.esiwei.ozmen,19,6,2023-02-15 07:35:37.087735,play.google.com
24D7B38AE78B55E281C6033B2DA4F0539D86B6A9EABF45F4D520BCBD07F37E56,1981-01-01 01:01:02,5817500,com.ava.mobileapp,1,9,2023-08-25 23:14:28.747941,play.google.com
E0417FFFE997A2474A6A9299E7E347475ED7E07F8BE0FBAF1A3784F5496E1EEC,1980-01-01 00:00:00,10108084,com.nationaledtech.Boomerang,1386,17,2023-08-18 12:32:49.728469,play.google.com
E17579C5EA9CBD24D75B1B7D9D509F5AEC43673DDC26422DE419023D34D3E6E1,2023-02-15 11:54:54,41481735,com.lomolsoft.language.learnukrainian,230209,5,2023-02-16 13:01:23.442192,play.google.com
3CCA511D1734EFD014E706573389224F65202EF0AA8820AF5AD30568951B1F91,1981-01-01 01:01:02,12554658,sigmabattleroyale.sigmafflite.sigmamax1,1,5,2023-04-16 19:57:33.723252,play.google.com
7AC786E5FA5B1161218127C9D92E44915BE832CFC72E06306172D4D35AD8B96D,1981-01-01 01:01:02,7088761,com.secureoptimizer.cleaner,10,4,2023-02-16 05:13:01.785829,play.google.com
79527A9CF3A9008A43EA4BB764D8736C188C877C42690E0E271040ED7B819722,1981-01-01 01:01:02,11804456,com.shrebrand.playextra,39,6,2023-09-03 16:19:35.987175,play.google.com
5BDF79767DAA6D69C7E32634128EFD07ED70871C0982E08C3A30377F70F59E97,1981-01-01 01:01:02,5406488,com.maxhom.mzj5,53,4,2023-02-15 19:20:32.304529,play.google.com
7D5D79B12D46EB1E3CCC06C47F46B3673ED1FC385661A9834DBC1FC16808BCF9,1981-01-01 01:01:02,22833077,com.scanner.qr.myscanner,28,12,2023-05-17 01:16:14.501774,play.google.com
0D9166E9ACA97505BEB7A8893B7BBA967A8912D6E3DCCD3B98EC80EDB78CF0A5,1981-01-01 01:01:02,16574245,com.ai.chat.bot.aichat,163,8,2023-09-23 04:20:16.218039,play.google.com
A2B316979677FE513495B534D9F0B5E2B104BF577285C2C394490971376A3730,1981-01-01 01:01:02,23408157,com.diacotdj.liom,140,4,2023-06-13 07:41:16.981820,play.google.com
2A8B88428933C6D75C3540D34D849FDE3ABC461CB3176D7E630B83703A53DA67,1981-01-01 01:01:02,24516864,com.spinx.dev,22,4,2023-09-10 18:58:15.526874,play.google.com
7B727A256D9A30BDC3F395A9D0AE27184221A155F95154B8F3A57EB65FBF5C18,2019-08-13 15:54:50,9882668,weather.forecast.alert.storm.radar,30,11,2023-12-05 05:52:46.201365,play.google.com
29E2723F7BCD656C3F021DEF36957A5081D6AB9E059A53F0F093C6E52EB6200F,1981-01-01 01:01:02,16049718,com.janecoder.dnturbo,37,5,2023-02-25 07:38:11.550049,play.google.com
0BC30B8007B3DEB7B7F53E9B9E240C1A63BA83F29145E6CB15E32319F81C225D,1981-01-01 01:01:02,4976198,com.standapxere.pixelafp.pixelpaintbrush,11350,19,2023-03-28 05:49:02.030090,play.google.com
34017E662FC4CE3F944C8B4A270264CF3FD90967923B06F61313248CC79CE3ED,1981-01-01 01:01:02,6920824,uni.UNIB3814F1,130,4,2023-10-10 03:00:13.461778,play.google.com
039ACF8BE0B5F1BA6D1AB374EB3FB360E1735CB7763055E21C629F8566A74540,2018-01-17 16:21:38,9147484,com.utec.utec,2,5,2023-12-25 13:29:29.152425,play.google.com
71FECA8C4213886E886F5DED9753720B2A556FA74E177BDAFD306EFAF6542B29,1981-01-01 01:01:02,10278912,com.batteryssver.cleanersvrbt,1,4,2023-02-07 23:40:01.850887,play.google.com
B9B7318D6F05B71C2F558C66DA31A90EEF45B5E29C238B07B0CB28913575E66F,1981-01-01 01:01:02,18145658,com.ai.matchy,115,4,2023-06-07 16:20:52.065278,play.google.com
E9A91EF91CCD978EE9180D3DFEC994EC3CC52E6022332A77FBDFB0326333BC2C,1981-01-01 01:01:02,16842004,academi.aldlfy.english,5,5,2023-11-12 01:37:01.664733,play.google.com
429208DF2EA92FD72DE9E5DC5A15C0CED78DE80C67031CE4618883DBC67DDD2D,1981-01-01 01:01:02,6935999,com.AimBot.Gfx,3,5,2023-01-01 16:04:59.254560,play.google.com
6041397ECA508456D0DF3984E6A46C36DE359E0EC3D522794F8EC9693202FD88,2015-10-12 17:35:54,12252514,com.sweefitstudios.drawdesserts,1,6,2023-12-23 12:07:51.598607,play.google.com
9402B12E3CEA44BD5E7EC5633FE7F12012BB4A87E53ECCC665630255040BE995,1981-01-01 01:01:02,16604966,moneytracker.expensetracker.budgetplanner.spendingtracker,10049,4,2023-10-27 16:25:19.363992,play.google.com
93E8E59AD79699971A7C7A1338475120E93929708DECF127789C22FCE3B13A5A,2023-08-28 14:51:26,23782144,com.htwig.luvmehair,252,5,2023-09-07 11:46:02.832202,play.google.com
DD168E17FE6533809E791316ECE7C9CDD3F1F59C95E5E9211003A5930BC9601E,1981-01-01 01:01:02,41765845,com.niust.hongkong,140,4,2023-10-24 00:04:44.345374,play.google.com
B762744BB4E664DD7FD13668C401EDC1B9A4C748DD84A624B2E17FDB2329E89D,1981-01-01 01:01:02,12426659,com.coopresapps.free.antivirus,68,12,2023-10-28 08:51:10.598205,play.google.com
4DE26EAEA38A175586CBF1D5758F8EE5824BF357BE32D7337390FD4C92A1E26A,1981-01-01 01:01:02,3076577,com.WobbiTech.ACMlocks,3,4,2023-03-14 18:03:16.958636,play.google.com
DC794DFC5B807F3E2A6C9BDB0B7B467813F7664F58FD7BD6EE287883BAB06E73,1981-01-01 01:01:02,38833946,com.luckandhealth.walkingtracker.pedometer,10059,5,2023-01-13 07:52:09.880919,play.google.com
6280AA673161E40B819E0E70D6D9E5A15F0AF9D4E76C29FDCA354A3355EBCECF,1981-01-01 01:01:02,18558747,com.yilick.shops,7,4,2023-02-10 16:11:40.800919,play.google.com
14F3232BBB179D386F03A64B8848742DB38B0B162C7801AD7A43DF3A5BADEFC2,1981-01-01 01:01:02,28409671,com.plakanichan.yearroundfashion,10001,4,2023-06-13 03:03:59.075150,play.google.com
C63758555EC2F0F283E8726A29B54EC051180F3664D4421EC8C5AE8AEDCDB0DE,2020-06-18 16:50:38,26372010,com.tigerwit.forex,126,12,2023-02-14 15:34:53.772156,play.google.com
5A9BD21C66FFA1582F5D8CC055E75BE0A44EC63DA882AC9B510DD4623D7597FD,1981-01-01 01:01:02,10275203,smart.news.world,140,4,2023-05-28 20:37:22.574499,play.google.com
C4F2E9FEB1AF8E4403EAF74E5D008A98CEAC189E025B03252F875FEBDC1092F5,1981-01-01 01:01:02,13781358,com.spring.cleaner.booster.security.lite,1012,8,2023-01-12 09:13:45.957401,play.google.com
2DF823E222A3289FBFFFB8AE453B1D3EDBF420735AA30EE0B664B5C2E15058FB,1981-01-01 01:01:02,4552097,com.aminbeheshti.exifviewer,3,4,2023-02-22 18:09:55.490746,play.google.com
CCC2F3005E072AD7D10F900F664754B4E5A8AB6B0FA764BC5ADF16C2B6229827,1981-01-01 01:01:02,19278726,my.gov.sarawak.service,10008,9,2023-03-16 23:29:23.282555,play.google.com
218E7C39E980C5D3754888CFFE2D36C2F1498327C3177CC3942447B71CF461CE,2015-03-18 14:09:32,44525628,com.luckystargame.texaspoker,5,4,2023-12-26 15:22:04.666740,play.google.com
0FEDE50CD9A606A3F4AA207B48B3A65ADDFC12D9E7FF1F37DAAC9D3558B560E9,1981-01-01 01:01:02,2278200,ru.code_samples.obraztsov_develop.codesamples_python,64,4,2023-10-29 13:15:33.573075,play.google.com
106B832A01A2D6A73D8E1D9270D7D77ECD14D5A28060E0B6178F6E0017F7F2A3,1981-01-01 01:01:02,4890634,com.prenft.mint,7,5,2023-05-04 15:13:53.713763,play.google.com
B744859FA0C02188741B849E22AFD8DDFB756FFD45C5327B776D04DE2E52433C,1981-01-01 01:01:02,6992754,com.ipadview.gfx,29,4,2023-03-23 09:23:11.367812,play.google.com
35E8173F9D790BBAFFA053C7423683F985D0D35431A7C52D7A3F61258488741E,1981-01-01 01:01:02,20289660,secure.tomato.vpn,2,4,2023-02-17 13:58:17.585684,play.google.com
E5E3A1748101CD38792874D6F21E122E8736C64181D270F5D49C07948505997A,1981-01-01 01:01:02,36601836,com.perception.soc.en,17118,12,2023-10-29 04:01:31.305140,play.google.com
E5B7FD73772BE6EBC8CA9A8C90FCB623FAA7F9A633F323F10D4503CDE948CC6A,1981-01-01 01:01:02,41758713,com.bond.hope.above,24,4,2023-06-26 23:15:17.007764,play.google.com
A51047106B4A727BDA9A80270850A979E711C02CFDD761945EAC89BB7BCEEFC6,2018-09-15 16:25:00,6794268,com.speednetssh.online,25,17,2023-02-01 11:14:34.022499,play.google.com
0E3B6E8A669DA2B58AE3DE63B5457C160D2AEC60EAF74FE2FB2C341B82B7E461,1981-01-01 01:01:02,7425699,com.my.groups.ar.pro,24,5,2023-06-23 05:51:24.096772,play.google.com
65F44C241D4C63A84F73D692EF9BE901D89FC41EED6184DF653F85838743EEC1,1981-01-01 01:01:02,9986157,com.phgamingmods.mlscripts,8,6,2023-05-23 16:39:46.947818,play.google.com
200BA0E3CF06D01B88CE6C4ED96FE805A263BEEFFBEBC85F1BED3828D800ECC4,2020-11-16 19:19:14,18821475,com.matrix_digi.ma_remote,221,7,2023-02-14 14:56:41.961972,play.google.com
D4482774104890E5FCEB7C1A68473460A8F9B9CA3DBE5446BB9D8EDF28C915D9,1981-01-01 01:01:02,19876387,com.purse.dev.newfi,108,4,2023-10-13 03:15:45.265482,play.google.com
9C9CCB4E1ED2C87AC2D7D01E82EAE73730468861361D3CF072C98FC3007958EA,2020-12-06 07:58:06,8744628,com.blueberrysolution.nz_fuel_viewer,107,9,2023-02-14 14:20:39.208009,play.google.com
234EB00C37A831DA5825ADC2B60930A9E2854E0B1456D04A6CAD5D8B2AB727F3,1981-01-01 01:01:02,6748840,com.skintoolpro.android11,10,5,2023-10-01 19:45:30.675028,play.google.com
498AC5BCACE0FFFE737B3B5691E4D74B89E7777D1729026A7A081173599F762E,1981-01-01 01:01:02,41708503,com.niust.hongkong,137,4,2023-10-15 06:25:07.662961,play.google.com
17BC58B99852BE537583078260F98796A654B9E0C34B46F98450BAC220EE49BD,1981-01-01 01:01:02,23594771,com.applocker.applockfingerprint.fingerprintunlock,104,8,2023-07-03 11:50:56.076713,play.google.com
AF77A5B908D31A18C4E13002F14E9B4C269DDDD52BF24813E3BC48F44B7D6997,1981-01-01 01:01:02,13067509,com.phgamingmods.mlscripts,21,9,2023-09-13 15:41:10.795795,play.google.com
72F65E249C20FCC86685284A1F78646E99BA351141F671F5FF721DAE6C3F4696,1981-01-01 01:01:02,8830793,com.koinum.app,4,4,2023-12-14 09:51:02.606054,play.google.com
249851608BDFF52470E9583B82ABE5C09A0969940CC87E81A3E3C3E75B896786,1981-01-01 01:01:02,37855256,com.qingniu.weight_health,14,5,2023-10-21 21:19:18.834933,play.google.com
F10E9D39A7F30DF2E86C8B3AB51E79CB31F1E713ED526571517603624FD2B788,1981-01-01 01:01:02,10456263,studentloans.paydayloans.homeloans.loansbadcredit,6,4,2023-01-19 18:17:30.135552,play.google.com
17A49BDBECF8AC0A28290ADB89461B6C18CD3C69365AF5702BA8F6CFB63E57E7,2022-12-10 17:03:10,45223157,com.jk.horizoncam,47,5,2023-02-02 15:43:03.175054,play.google.com
34CA143CD7141EA60A2123A481CF6FDDCEFC18A90B1852B3D91CDD00AAEF5F88,1981-01-01 01:01:02,14661777,com.sacra.batter.clean,27,12,2023-01-20 12:17:50.804889,play.google.com
48D48B407FC37BEBEF35894F5A4BD4E9C2B8F8829AAC36ECC368B3FC6CF0DEA3,1980-01-01 00:00:00,1936203,com.stajdosyasi.deneme,1,16,2023-03-27 08:55:37.578013,play.google.com
93DDE4EE829232639605273EB33659F84E6E260CB5AF1B552D0D93216D6AA1CA,1981-01-01 01:01:02,23749932,battery.clean.master.antivirus.ora,10101,12,2023-06-05 08:33:42.280219,play.google.com
0F51C4C2E97522C232B0631E96177AC545C0A243553E5A4A7FBD2BBBFAF65860,1981-01-01 01:01:02,30078276,com.blast.dash.rocket,23002,7,2023-09-19 19:45:19.768671,play.google.com
75098EE13FA7AC3B458BC9DCE5DB00DC75CB9D542978A72F3F279B19B17AA2CC,1981-01-01 01:01:02,11718912,com.sigma.fire.battle.wallskipgame,3,4,2023-02-01 09:56:27.802711,play.google.com
DB65FB18BB9AEF5B67CBC1026CD5AAC36DA6127377E36BEDEA4CCE5CA074C37D,2023-03-10 21:39:36,12675382,com.universal.lighting,16,6,2023-07-15 23:31:14.361090,play.google.com
C33E0BB81879E6FEC2E21A633CA066BDBF205AED30FE0F8F01DD5D998176E3E2,1981-01-01 01:01:02,9044576,com.alight.motion.preset,40,5,2023-08-31 02:51:46.708141,play.google.com
3E8D8D5D50F3E42B8F63DCAD04F5F469DE3FF95B9C5AE9AE7C40ADC6EB5741D4,2023-06-26 16:24:58,30376748,cn.lunkr.android,523,6,2023-10-17 08:26:37.803700,play.google.com
0BC34362E9691EF847E66BC1160732E77A4F4E9DC2E627B55B019881B8A39DB8,1981-01-01 01:01:02,13816277,com.barfee.mart,281,5,2023-02-20 20:07:19.902846,play.google.com
76B4C684E8902F0B3ABEB47A96F9CECF51E8217F4FDF1B1381CC09FF61E69E3C,2020-07-13 15:42:12,15748443,com.dreame.reader.indonesia,130,8,2023-02-14 14:28:28.781434,play.google.com
EB89CB9E05B5C122C2F435F506D47902F0E0A77EDE77E9D5A7F3D6BF590F6BA7,2015-06-11 11:49:16,27023650,com.luckystargame.funbigtwo,34,13,2023-12-25 04:39:10.932397,play.google.com
A3F998422B55A5EB4B2FA0613A6E48F5E71D54E8C240363CD86EE827BA1A3D25,2023-04-04 11:51:24,39941518,cn.fitdays.fitdays,159,4,2023-04-06 12:33:32.521176,play.google.com
97BE4D5661D3E8AF737431AC52483134781100E97014C0A24605D70246B21DDD,2023-02-09 11:12:58,51697826,com.sfacg.comic,1484,6,2023-03-04 22:46:06.706022,play.google.com
4493B441BD9CAADB3EC8C9B262FE63D91D1B81A432DA3DC666CA6199E492AB41,1981-01-01 01:01:02,7147714,manc.com.hk,104,4,2023-06-08 18:30:12.975132,play.google.com
433450D9421BF2B150D3832601023BA9C6294CAFE7E42F95261E5FBF95591EBD,1981-01-01 01:01:02,26072919,step.counter.sweat.walker.android,31,4,2023-11-14 04:25:45.311809,play.google.com
2E6BD5942252D25567E5E3AECD355B1EDDF97FC265B234C348F19083586EC765,1981-01-01 01:01:02,7934640,com.coopresapps.free.antivirus,60,14,2023-08-03 22:50:26.858113,play.google.com
515D2415BFFAD2985051CBAAE01C11F18B730A49C4D77D455FB1CCFAAB2A6400,2021-01-08 17:33:36,5693946,zddz.app.carlive,1,8,2023-12-13 01:14:06.910232,play.google.com
A5267FF78E6EC1FAE1D72E2EDA66D1904DF80681E2672EC689D6228201EFA294,1981-01-01 01:01:02,15531797,com.dictionary.englishtomalayalamtranslator,37,4,2023-08-08 10:41:07.442555,play.google.com
DB1FADF014AC696BCBB3B46C2D6B6C60AF7F4CDD00C2F0C8E8734AA0759A692E,1981-01-01 01:01:02,14332578,com.vyke.earning,5,5,2023-11-10 09:54:32.360893,play.google.com
142DF7A2A6C8A074191FF9E01CC5E2A3F79E36FD6118CAC8948666E65F6AC029,1980-01-01 00:00:00,42219011,com.infoweise.parentalcontrol.secureteen,251,6,2023-04-18 23:40:17.457004,play.google.com
AEA9CC0C8098913058FBEC03C44F3CB29BBACF3A797EB31ED72662A996C84EDF,1981-01-01 01:01:02,15561414,diamondff.hackmod,1,4,2023-01-06 03:30:44.295262,play.google.com
A197162A4E8D2A5D1EE4F6513C5A1E06A2D848BC4558ED57B421537B52641B2D,1981-01-01 01:01:02,6870781,es.app1.EMB,12,4,2023-10-10 14:09:40.150296,play.google.com
1FA11FE9BC499EC5DC25F2D06FAF60DBA407B8E1F193F406AFACB14FCB3DFF6F,1981-01-01 01:01:02,11289562,lol.apk,27,5,2023-11-01 16:30:30.018137,play.google.com
B1B97B9C16E13167B48467F913851838234359B06C4FBBCE00E428580EBBDA95,1981-01-01 01:01:02,29376394,com.rscar.high,73371,5,2023-10-14 00:41:19.362156,play.google.com
95B066AB989F19DAD8B0238365E3826F18E906EF17C1914832F53968FE033E20,1981-01-01 01:01:02,47084126,net.channeltune.addtune,50,4,2023-11-04 00:44:27.965377,play.google.com
CEAE51EE1C80B3A9D97CFC09D418ADEC98A28215F97058428FF49873D11E1F88,1981-01-01 01:01:02,5461003,air.com.beach,1,7,2023-10-07 00:30:55.091771,play.google.com
8181E7DE4B3BCEBFF90F993490A1BA961668AAA409DD60454CBE807DF562D211,2015-06-23 20:20:58,3155569,com.artlessindie.ent.pinoyhugotlines,1,6,2023-12-17 23:21:16.558994,play.google.com
42B076B866D3E46975F534E54D1802249206F1193B4BF0A4171C88C769E904B2,2020-10-16 16:57:50,21960986,com.aresmob.translatorfotopro,14,13,2023-02-14 14:16:32.537529,play.google.com
B89AB38A085CF453AEA14E4675BAC804C5BCFA5290C3EDB7EF3421A51CEC375D,1981-01-01 01:01:02,10994361,com.my.teachmehistology,1,5,2023-05-13 17:55:29.819888,play.google.com
5339A11AFE45CD69408D931BC7EF2D73F22C7B48B5AB2C9C1C0D895A23800637,2023-02-15 11:09:22,51402247,com.lomolsoft.language.learnslovene,230209,4,2023-02-16 00:48:30.006135,play.google.com
7A4D718A088CA4B563408889272F8B54D57A1CA04C4AF273DDABF12A30EB016B,1981-01-01 01:01:02,4362303,app.metavpn,19,4,2023-09-23 03:06:44.064176,play.google.com
96D6D2A6089366B9FDAE737A4923E756FB87B808F2C9DC27DAF79581766039EF,2023-02-01 17:25:20,35312065,com.ethiotelecom.myethiotel,188,4,2023-02-03 21:34:14.457558,play.google.com
C335168046324638AD33B7F0756D7A1E94DB96BC56B9A4831F216683A441D9E9,1981-01-01 01:01:02,17138601,com.money.Mentorship,10,6,2023-08-19 22:40:08.624335,play.google.com
E5BB8811A463DE3406FE9F2BE4EA3B479B675782E7D6A2D4E827568DECC478A2,1981-01-01 01:01:02,5729641,store.won.mobile,822,4,2023-03-31 18:20:49.850802,play.google.com
F904D709BACC0E33EE70DAA81437EE9FEC52F79F0BEDEC824D056D075B06DCD3,1980-01-01 00:00:00,42260585,net.freshgogo.android,364,4,2023-11-04 06:40:54.426644,play.google.com
FFB88A2519CF2782A8600DA6E8CB3DDFDCC998168514AB1EFB3F9994C89A1F98,2017-06-28 10:07:14,6379443,com.infoxapps.whatnameq,2,4,2023-12-19 09:43:54.574387,play.google.com
5A345D7C7808CB1CE74477C2D616B9C645596DCFDAD09B154620F1DE23656AF0,1981-01-01 01:01:02,15317601,com.dictionary.englishtobanglatranslator,40,4,2023-07-08 19:55:25.545762,play.google.com
D2995AC3C954F84F798D66E8AC1B6F80C367B576A3AF7AC4ED3D25582BED9D99,1981-01-01 01:01:02,32787426,net.atntechnology.NureMath,46,4,2023-08-09 13:21:17.645945,play.google.com
124211208C3B12B7FE49F098E9F52728FC43584A8CC2B58D50C20D02DE893D29,1981-01-01 01:01:02,10650384,com.alfanetwork.cloudmineapp,47,4,2023-12-17 10:47:32.881302,play.google.com
61DD08FA8144EA422560E529D0DF87060424FC56FDAC3660B393723F0B60B8FA,2018-06-07 12:26:04,7111580,shamimsoft.vares,2,14,2023-12-12 13:44:31.790957,play.google.com
52E715074151806F9571EC8B5D545469140CFF683862D3C21E4C5B327C26E149,1981-01-01 01:01:02,6911010,com.mate.matika,1,4,2023-03-12 11:29:52.705284,play.google.com
1C38B4E4A1A1141A80791BF088C7D6211B66238F90DD2AB7CDEBE712C2632B4F,2020-07-04 23:11:44,8171295,com.translator.lens.android,16,9,2023-02-14 15:42:30.400608,play.google.com
1702D307DA1043578B772DC2B9D4CC24E6DAC92A8BAF2EABECBE19594C433D69,1981-01-01 01:01:02,15152357,com.gerarialtd.sprinklesweetseries,10000,4,2023-02-27 10:29:40.579162,play.google.com
CFE1F2C6F8CF038DA79AADB8744C7B1AAC818A0CDC8531CB5F7886346C04F9E8,1981-01-01 01:01:02,6925561,org.traccar.client,80,11,2023-01-28 09:27:04.641260,play.google.com
7E867FFCCC7379F1866F08FF319D2CD01A4B13ED7A63F551FCA4FAA1459B3FEF,1981-01-01 01:01:02,23805917,com.pattion.silverpattigame,10000,5,2023-01-17 16:26:32.503536,play.google.com
FD0F8FF4A95C184C20557FD513380E404F13D1AB00690FFA0BF12EED92C8C7EC,1981-01-01 01:01:02,5704182,com.infoweise.vantagemdm.genterprise,12,8,2023-02-20 07:34:45.503352,play.google.com
788EA0861A4F7AB8830CFF437BC804BEDF4789A6F4F82AE79736E1D60A3A7EAB,1981-01-01 01:01:02,13432762,com.Miracle.predict.com,3,6,2023-12-16 02:32:41.990758,play.google.com
3394F680B61DF24CD6385999291192A8D7983495F63379183FFC00702037837A,2018-10-24 08:51:08,29933421,com.yxwifi.rxdrone,4,22,2023-12-22 16:11:02.783685,play.google.com
D3FB20E6AAAABE46EEEBC0FB8AC2FEB18714E4CCF4CB964C28E1CA4C2BDF79A9,2023-03-04 17:01:20,44838055,com.jk.tinycam,60,6,2023-03-05 18:32:10.971579,play.google.com
E32B7E6F025595C925B8575153588FDD6B0B6360B8BFDBEF1A55CC77476784BB,2023-04-25 10:46:28,24022487,com.radarbrokers.cfd,117,6,2023-05-15 11:23:43.161509,play.google.com
AFBD130858BD5BE658E50FEB2C2C3774EE2A65984AB523350733623BE0A0ECAC,2008-02-29 02:33:46,7349451,com.jorf.bricole,7,4,2023-12-20 14:39:15.584251,play.google.com
E34A72B0029621B16C12061DF01202A66AB6F6A4049F50F8DF4F96DE0B13E563,1981-01-01 01:01:02,7019587,ru.supremeapp.tasbih,16,4,2023-04-18 15:55:24.487856,play.google.com
BEAE45EB4AD6968241E49CAD2E28D8D0D5282CAD3BC57C54431B79318931F572,1981-01-01 01:01:02,5357798,com.py.fym.moeg,5020,4,2023-07-18 13:45:20.526790,play.google.com
FFEECEA42BDDD94D6461C241E525405C095827A800A9BC0B60FC7AFF71897453,1981-01-01 01:01:02,15013390,com.digiwards.lovelyplants,5,7,2023-05-06 17:58:12.039168,play.google.com
C93758B9EB25EE7C5E4C5D5A2F66873A9B00F38CB27FA2405A1BEEA89D41F27D,2023-09-08 10:42:16,50954087,com.sfacg.chatnovel,1864,7,2023-10-15 22:19:41.968440,play.google.com
4FAC8EA8589932087414FC4EDB30BED83331DE2795B6AE31F94FC32BCCDB2568,1981-01-01 01:01:02,33140306,com.dhgate.buyermob,437,4,2023-11-10 07:50:01.680894,play.google.com
E02E80EAB6B7EC1BF4F4C2AD7E6809CD706C16CF4336F6F2B9C568C65C728806,2023-04-07 14:23:14,37976978,com.thehot.hulovpn,100903,5,2023-04-07 15:17:28.763705,play.google.com
9CF48F6AE9C46C131E5FCC6D0617D589CA6041A6E0B0C40DE2A8946C3D9CCC12,1981-01-01 01:01:02,24171565,com.q8store,127,5,2023-03-16 13:09:46.244569,play.google.com
6BCB755603B3CEFD0D800BB2FA5EFBE26492A6DF55168B337C23613C22241C9A,1981-01-01 01:01:02,4963323,com.atalisnetwork.meapp,9,7,2023-04-14 12:52:38.974521,play.google.com
095E84D2A8C2A2AFD30DAEDD4E767C388E03C2F25A432E506E4DD78F84F30337,1981-01-01 01:01:02,25134831,org.telegram.messenger.wab,37219,18,2023-08-19 18:31:33.843498,play.google.com
ED956FF04A40400C71B7A18649BFE0A36FEE2BE2EB436B12D03AD7318A129774,1981-01-01 01:01:02,18705421,com.diacotdj.liom,125,9,2023-03-07 14:20:40.754455,play.google.com
2DD20D54EE9E6D9833521374CF7072B57FE44B7CB5598C0C21072365EB44B3C7,1981-01-01 01:01:02,22109463,pdfmaker.pdfconverter.imagetopdf.img2pdf.jpgtopdf.pdfeditor,105,6,2023-10-24 05:07:53.151347,play.google.com
41408D535F23488F38449DD54FD4FEE49E70BC0D62E998899DCD552EC6483507,1981-01-01 01:01:02,894844,www.lascar.com,2021,40,2023-01-11 21:03:54.919160,play.google.com
310D88D99ACB4BA06B553639BBFD216D94796E3B391415B44C40BDF9B89AF173,2018-05-06 21:41:52,8090524,shamimsoft.sahar,1,12,2023-12-11 13:48:10.861774,play.google.com
786E57EDC4D2833EF7D5D25FEDA4DB92197648A406B23C149BFDCD5E1F826141,1981-01-01 01:01:02,6189219,com.ai.paragraph.com,4,8,2023-01-30 00:42:53.184399,play.google.com
B8A886A8A068553AC4128DB4299098C591A8A347ADEB36FD30C6F81B7F28A03C,1981-01-01 01:01:02,11727751,com.kingreward.app,1,4,2023-03-27 14:07:54.926477,play.google.com
1529AA97771E4F37DE9EF7C520D2F6097B4804340CE505D5114DE18680A61315,1981-01-01 01:01:02,1348392,com.fahrezone.optimizer.go,263,4,2023-03-10 15:51:16.620601,play.google.com
1619D27CE785388A13C8087AB4ECF30F678948212E0BB9FD47EF5F5DE56011C6,1981-01-01 01:01:02,23789938,health.step.walk,40,5,2023-12-22 18:59:56.505291,play.google.com
DEF256EF8857759D07818DCCE1C77DC828339A4F7F48E91171493215C58DA09C,2020-11-16 17:13:48,14306535,com.jiebaoslim,499,8,2023-02-14 14:49:38.934310,play.google.com
8AF437F78E96C62CE44B4550E306AA08BEB2723847DD3704B1732A05CD5A59B1,1981-01-01 01:01:02,4912415,uz.omonim.pargar,8,19,2023-08-09 17:54:55.218208,play.google.com
0A0AEC4678664387C3A0FCCA5824EC7E294F4322BF01E4124AD1A310A73815C8,1980-01-01 00:00:00,42215571,com.infoweise.parentalcontrol.secureteen,248,6,2023-02-11 20:28:28.502157,play.google.com
04971E50852915192B6D5ABC7669B89D71CF1B0E1E5102C3DDD941F468D71319,1981-01-01 01:01:02,4514293,com.pubgGfx,6,5,2023-03-26 19:16:52.739362,play.google.com
B019901DA179DE0971FAA30F464EF0DB75EAD8867DA5AAC0561AC12CCE8DB2F7,1981-01-01 01:01:02,18318688,football.live.koralivefootball,1,5,2023-03-14 03:51:06.204422,play.google.com
FBE7596E4458325DCF705B54671A78DD992FE554DEC26C38A9874BABF3BB144E,1981-01-01 01:01:02,15736328,com.dictionary.englishtobanglatranslator,44,5,2023-10-20 04:04:05.425945,play.google.com
A0B11D0314F95FA987BBEC1E7F3CC9D2AD5C273EC77250D291F3281E2B38E7E9,1981-01-01 01:01:02,25421383,step.counter.walkmate.android,10,4,2023-11-18 23:12:31.982781,play.google.com
F89CBDE0F4F0E64D05DBD4FB3CB138EBCECEB76A1F74DBEE2AC0D5ACB9842729,2013-09-26 09:53:40,729769,an.MexicanTranslate,1,21,2023-12-10 11:48:43.795751,play.google.com
ECB080311177014A3C8BB587B96EB9C681195370488D2F99584FD3608D681632,2015-07-21 16:45:28,28312809,com.luckystargame.texaspoker,19,14,2023-12-25 12:13:24.576699,play.google.com
7F08C9C7724995F608E82B7C820658163F69F0C8B583AFF534E04BF1F8A2B2B7,1981-01-01 01:01:02,8466107,com.ased.subtool,6,5,2023-02-13 11:03:26.278851,play.google.com
26CF0D30141309581116A9C96FF6AABE68450B28F187419C31737560B984F5E5,1981-01-01 01:01:02,17909646,com.smartremote.chatgpt,14,4,2023-06-06 08:51:07.046375,play.google.com
E2D167162D2DB0E6C5E8AFD3178AD0A870129C374CDF61582C7EA83C8A049A33,1981-01-01 01:01:02,7190666,com.qdueudsil.app,301,4,2023-03-25 06:44:37.498282,play.google.com
7CC833560B50FE1ADFB6DC86BB577C3042F75D538983ACC3154FFE29612E5CAC,1981-01-01 01:01:02,40948654,com.silverbat.knightage,161,5,2023-02-27 14:01:37.279732,play.google.com
2E6B3EE1DBC270C182A10A38DF9B7286F545486DC2084CC060868A424269D4BE,1981-01-01 01:01:02,6686985,ru.supremeapp.nikyasash,2,9,2023-08-05 15:37:05.576254,play.google.com
31017E1FC6136EC8DB116699B0A24C2E6E25D8B0D5484FE2AE822485D741B120,1981-01-01 01:01:02,21632411,com.CVchwiyaInc.princessnightout,10000,4,2023-11-08 19:07:10.295486,play.google.com
63CBF5DBD19937E62BA49F3051C92C357BA1CCAF7A6A0DD91016470A6E37996B,1981-01-01 01:01:02,7793689,com.trsj.java.codes,2,4,2023-07-05 18:34:38.520198,play.google.com
F463AC7A6FE0C824B7E4E198EFCEF959FC9E3EADECDF94D922F0D6AC5E04ECE0,2020-04-30 19:10:10,13637919,com.kbzbank.kpaycustomer,33,10,2023-12-02 17:45:25.483142,play.google.com
E6C69C281F129D1995D3A446F67A96156D9FBC5AEC993A025515E04B6EABE2A6,1981-01-01 01:01:02,7654787,com.rith.a1.kh,20,8,2023-06-29 03:04:16.283313,play.google.com
7B7DC633CBE301A651044C72572FF4D70928B000C55BED64DDBF34D3DDAE96C6,2022-09-05 22:44:24,9851342,my.live.score,15,4,2023-01-23 02:07:05.546043,play.google.com
EEEA94C15E5841F5870F68B80273F4558B4666CD984336E9A9FACF75CECCBD15,1981-01-01 01:01:02,22191054,com.magic.ai.android,140,4,2023-02-12 03:17:28.043283,play.google.com
14536D79FCE9D20832BC5C9F0089C27B6E2A4D74984746F8B73DF4174944BB46,2023-12-11 23:44:44,18068325,com.colanotes.android,533,4,2023-12-12 21:43:04.525006,play.google.com
AD8D03218EDDF9BFB244B073E8CE5E0051B75A83E1758CA5C77922001B4C4EF7,1981-01-01 01:01:02,13036868,com.app.drink.watertracker,1,4,2023-12-14 16:38:39.886629,play.google.com
9597E9D405A1C454D725ED7A2183B2D5347ED8A2AC4FDADDDA14E9240F08EC2C,1981-01-01 01:01:02,24255337,com.prank.cool.dayfun,9,5,2023-12-14 08:23:55.701303,play.google.com
BAD6BADB3574D7F29B6F6D445D7156AFAE4D05AB52B078A20162A8FDAB96AA82,1981-01-01 01:01:02,13244224,com.samoukale.fastncleanlight,141,4,2023-03-25 04:56:30.576495,play.google.com
C4734447A90794C7F1A6D45AAABCC780F1D89727EA21E0461A160FB2EB8037B3,2023-02-17 10:22:46,44396548,com.newellmediallc.live.hippo,31,4,2023-02-17 16:19:32.550721,play.google.com
28851EDA387B0F1D40A1ACBA4493AD83A61DFBBFCD5406D1824AAE75C237B9FB,2022-02-25 19:13:26,16274114,com.media.thainovel,38,4,2023-12-28 20:49:39.211673,play.google.com
2BD531EA50E56CE7C10A6B37F06F42C3BF7C1EAB66E89E625AC8A1335F67D8D2,1981-01-01 01:01:02,20902467,com.my.Ramadan.Planner01,31,4,2023-03-26 21:28:06.950163,play.google.com
3670C0FE202B2434CAF93420788B357CD60E2FBD095259321462972B940977C6,1981-01-01 01:01:02,6113848,com.goyendagolpoguccho.trycorestudio,16,7,2023-03-26 01:44:20.921320,play.google.com
D78BD27DD3A8066F97299C52376AB79897FE0109C391E48BF5D75280A77F2E80,1981-01-01 01:01:02,12752090,auto.maroc1,2,6,2023-01-31 06:44:40.196017,play.google.com
14C1B2925F1AD832FB375AD784C40A92C4267769A7DAB824F7759D1F94A8C71E,1981-01-01 01:01:02,30165059,com.manager.vivacious.filicudi,4,4,2023-06-19 20:20:16.608600,play.google.com
B148EE2D5AA4CE39AC0811260BC4B898E939F6D91DFFDFA831FF1FF9655A1CB2,1981-01-01 01:01:02,18621506,com.diacotdj.liom,110,4,2023-01-23 15:58:25.662373,play.google.com
EA865A96B02F528089996B89F0919B8EE4021D93E3D2798997FACBAA0C8DE1E1,1981-01-01 01:01:02,40043080,com.strategies.processing.serve,6,4,2023-10-09 18:16:49.480527,play.google.com
5D273F6D3BCD3784CEF265657C3A08D45A8559C2D948459706CFD81C0DAC59BF,1981-01-01 01:01:02,16178133,com.bnbsltminer.mineapp,57,4,2023-10-23 12:17:56.192918,play.google.com
FEFB1C27072811C92B5CB53016E911EC7A14DC172D334A46D3D75AFB32CC1A3B,2022-12-02 16:32:42,48561034,com.ou.tangotree,37,12,2023-01-26 13:25:04.510792,play.google.com
F541C5864467578A6A12EA27D04603CA3E28C2C8474D44805BDD46A47D9BFE63,1981-01-01 01:01:02,20472532,com.jm.tools.cleanamaster,113,9,2023-01-16 18:40:49.405689,play.google.com
70943C05907BB24E79775E2F64A18345AE2A04A126009CE2B62A1FACECA5D019,1981-01-01 01:01:02,45272808,com.cashie.make.money.cash.earning.app.surveys.rewards.free.money,2,8,2023-12-15 05:45:45.360305,play.google.com
2B68EA4CD4D0BB1A7A96CBA57020E23DA608425457F6BE2743A8309C7585DDA3,2012-02-10 16:21:40,1167217,com.internetdesignzone.quotes,1,15,2023-12-05 07:08:31.748041,play.google.com
E5881E1065457272C09BB66A5BA0E52951EDE1C697D0816326DE606211DD3255,1980-01-01 08:00:00,39008882,com.thehot.haloswan,110800,4,2023-02-01 05:09:05.734366,play.google.com
30142FD365C472BF62794D9E33C095D39144D71BE23BBF41A36C8FB3DC6B24C6,1981-01-01 01:01:02,9930235,com.bounty.wall.plus.rush,8,4,2023-01-29 22:50:01.302081,play.google.com
35C038A510CF2FCD58E634A7B9F0B84F6ED4D12B53158FEBBA66A55AB1D8CC80,1981-01-01 01:01:02,12002888,com.cashboxgo.android,35,14,2023-05-26 12:19:22.900500,play.google.com
738EF717D5BFF31581A70748D620B7BA9AC5F417F14FEE5C5FB00B2DDD820F43,1981-01-01 01:01:02,21006922,free.call.international.voip.phone.number.wifi.whatscall.freecall.callglobal.billing,8888,4,2023-11-13 02:58:20.273408,play.google.com
9C2CEAFBA460D5C45F71BC93A71EAF6103AD5E65156FEF0890F1698BCB886A0D,2020-06-11 14:38:10,15759029,com.dreame.reader.indonesia,125,12,2023-02-14 14:27:55.589869,play.google.com
D1187DB88366424739C406621316B855C28FDDBB30824412B6636B8A2BAA5148,2013-04-19 07:13:54,8557573,com.mapi.asqu2,1,16,2023-12-14 15:58:41.940038,play.google.com
EEFA7FF393376F96A7C687A78FB35E2F890D99EC5DDFE4A6383C1DC35BFBD080,1980-01-01 00:00:00,8803725,com.savagevpn.android,180,7,2023-04-22 00:06:56.745572,play.google.com
B55A5A311AB28486E0E0E5B3E8017206AAB44A6876BD5FA23097BC215784D4EC,2015-12-18 15:44:22,28933428,com.luckystargame.funbigtwo,42,7,2023-12-25 17:14:08.683209,play.google.com
5B66FA4DF4764EC9E0836E2C2EFDD0DEFDE1432844FBD198D203F54E1C1A9F46,1981-01-01 01:01:02,6406731,com.mini.yesper,5,4,2023-10-24 12:04:06.012037,play.google.com
6D3D7D7699B26DAA3254CB53CA2A6BA6ADF51C0B6D54317A3122F5232041F275,2021-09-30 11:23:22,10513039,com.media.thainovel,29,4,2023-12-25 16:46:02.523337,play.google.com
FDF7714CA95E46C1C02A83FCF49698475A07F0F85720EE01A32F5F7526F06A0C,1981-01-01 01:01:02,7340342,com.tinkimtechnology.BaccaratCardCounting,504,4,2023-08-08 01:10:22.034161,play.google.com
4284F9E7A03A409DC08AFB82D0F5DCF4DB887C4028E180EB436347512FA769C4,1981-01-01 01:01:02,7940149,com.introtools.ml,8,5,2023-03-01 08:50:31.266922,play.google.com
4AC37B2450EEAD8B78DB4E059C5F057992BF8637AB4C61519809984FC60D44F5,1981-01-01 01:01:02,11415188,uni.UNID8F9A7A,10,4,2023-10-16 03:29:09.511414,play.google.com
F9D4E39A63C2CB93E262E5A5F6E1A1B8FA12DE693EC212627617F2589D895210,2017-05-08 15:07:36,25082845,com.luckystargame.texaspoker,24,4,2023-12-25 12:13:56.386756,play.google.com
93C06B78CE5C8B149916FEA5CC7A47B71CE63C4114408AD4612D5E727D4E78D9,1981-01-01 01:01:02,20231394,crypto.aliens.bch,15,11,2023-05-25 15:14:42.299181,play.google.com
D12598616B90B5A8A626876254A5AEE2B50A5DD5860D7A9C0C28A7A08218D15B,1981-01-01 01:01:02,26085225,step.counter.sweat.walker.android,32,4,2023-12-03 22:13:13.278435,play.google.com
195C62FFBD848BBD9CE81A3E4CA6A13261BC421CE0D4E9386A7F02CC686476DF,1981-01-01 01:01:02,23133956,com.kh_super.android.supermerchant,228,12,2023-03-08 08:36:21.800178,play.google.com
7001CB6D73B2E46CF0FB450096215273BF0C9545CAA41AA5219E660733053E11,1981-01-01 01:01:02,6380368,com.gfxtool.sigmaff,1,4,2023-01-21 22:02:19.584877,play.google.com
0900C333BC38343400966DEFA764808D8A74F92AAFF9B922FA84F6AC10094D65,2016-11-04 13:14:14,7774544,com.ma.ld.dict.idioms,6,10,2023-12-15 16:31:30.653575,play.google.com
EE20F49C169B22D0F4C178C9FC1C7FD3A869B6CBB333F2D3E5BA7A8ADBA2FEAE,1981-01-01 01:01:02,31059907,com.S7Studio.absworkout.six.pack.abs.excercise,3,6,2023-10-16 12:03:51.153386,play.google.com
17D3E61CE96F6847F2FBB1B8630C41CBA3EFA6D9DEFA3F45C3EBB284325ED173,2014-12-06 12:11:30,13014986,com.droidcorp.magicaljigsawpuzzles,8,10,2023-12-18 21:55:13.921162,play.google.com
08C354CFD25E7975AF734353B40D26614E7BC085D01A7B89C1FA1B99771E8A89,1981-01-01 01:01:02,41401721,com.city.boy.vip.craft.skyland.block,405476,8,2023-08-31 21:36:23.982845,play.google.com
1761004DB7D1EBFA311403FB76B4C49E06D999C19ED6449EAFB3C47E0B6C6A58,1981-01-01 01:01:02,181185,com.my.flexymobilis,2,4,2023-04-02 05:33:20.666467,play.google.com
