sample_key,sample_id,apk_name,split,y_true,prob_static,prob_graph,prob_malware,pred
test:0:a1.recommended.by.staff.reader.il1,a1.recommended.by.staff.reader.il1,a1.recommended.by.staff.reader.il1.apk,test,0,0.0013784247325271,0.0296274479478597,0.015502936340193401,0
test:0:app.cyql.app,app.cyql.app,app.cyql.app.apk,test,0,0.0003188623513167,0.0008890175377018,0.0006039399445092501,0
test:0:app.rosario.it,app.rosario.it,app.rosario.it.apk,test,0,0.0035435496904924,0.0023554728832095,0.00294951128685095,0
test:0:app.wizardfinance,app.wizardfinance,app.wizardfinance.apk,test,0,0.9698365113721248,0.000810960191302,0.4853237357817134,0
test:0:appinventor.ai_cperezn.LoteriaCampechana,appinventor.ai_cperezn.LoteriaCampechana,appinventor.ai_cperezn.LoteriaCampechana.apk,test,0,0.998916541703358,0.0031907190568745,0.5010536303801162,0
test:0:appinventor.ai_yonimixx.Siduron,appinventor.ai_yonimixx.Siduron,appinventor.ai_yonimixx.Siduron.apk,test,0,0.085387617936936,0.0223431233316659,0.05386537063430095,0
test:0:au.com.blustream.matrix,au.com.blustream.matrix,au.com.blustream.matrix.apk,test,0,5.1044070454288585e-06,0.0001476012694183,7.635283823186443e-05,0
test:0:b4a.ALFANO_6,b4a.ALFANO_6,b4a.ALFANO_6.apk,test,0,0.0004368038744945,0.0019049773691222,0.00117089062180835,0
test:0:be.nexuzhealth.mobile.mynexuz,be.nexuzhealth.mobile.mynexuz,be.nexuzhealth.mobile.mynexuz.apk,test,0,0.0005757618224237,0.000989337451756,0.0007825496370898501,0
test:0:biz.prointegra.meteobot,biz.prointegra.meteobot,biz.prointegra.meteobot.apk,test,0,0.0001269595079932,0.0008695384021848,0.000498248955089,0
test:0:br.com.aplicativosejogos.jesusstickers,br.com.aplicativosejogos.jesusstickers,br.com.aplicativosejogos.jesusstickers.apk,test,0,0.000844823651475,0.0101935025304555,0.005519163090965251,0
test:0:br.com.as2.aplicativos.stickersjesus,br.com.as2.aplicativos.stickersjesus,br.com.as2.aplicativos.stickersjesus.apk,test,0,0.0009168725591323,0.0430936254560947,0.0220052490076135,0
test:0:br.com.as2.msgnatal,br.com.as2.msgnatal,br.com.as2.msgnatal.apk,test,0,0.0219512119896341,0.0124245341867208,0.01718787308817745,0
test:0:br.com.as2.oracaododia,br.com.as2.oracaododia,br.com.as2.oracaododia.apk,test,0,0.0223309726964045,0.0044292421080172,0.01338010740221085,0
test:0:br.com.colegioidealse.aluno,br.com.colegioidealse.aluno,br.com.colegioidealse.aluno.apk,test,0,8.950726391674257e-06,0.0005602780147455,0.0002846143705685871,0
test:0:br.com.honda.novowrv,br.com.honda.novowrv,br.com.honda.novowrv.apk,test,0,4.14277128305657e-06,0.0001111184101318,5.7630590707428287e-05,0
test:0:ca.lefestif,ca.lefestif,ca.lefestif.apk,test,0,0.0008586565776014,0.0019612966571003,0.00140997661735085,0
test:0:ch.martinstoeckli.silentnotes,ch.martinstoeckli.silentnotes,ch.martinstoeckli.silentnotes.apk,test,0,0.0001297078346484,0.0016112115699797,0.00087045970231405,0
test:0:ch.radiosfrancaises,ch.radiosfrancaises,ch.radiosfrancaises.apk,test,0,0.0092640395734517,0.1008047685027122,0.05503440403808195,0
test:0:cl.bci.app.empresarios,cl.bci.app.empresarios,cl.bci.app.empresarios.apk,test,0,0.0026103869283428,0.0011522113345563,0.00188129913144955,0
test:0:co.kitetech.calendar,co.kitetech.calendar,co.kitetech.calendar.apk,test,0,0.101945163513367,0.0166761707514524,0.0593106671324097,0
test:0:co.kitetech.diary,co.kitetech.diary,co.kitetech.diary.apk,test,0,0.0887021962276889,0.119127444922924,0.10391482057530646,0
test:0:co.kitetech.filemanager,co.kitetech.filemanager,co.kitetech.filemanager.apk,test,0,0.2140963410428844,0.6750860214233398,0.44459118123311214,0
test:0:co.kitetech.photogallery,co.kitetech.photogallery,co.kitetech.photogallery.apk,test,0,0.5301565784969733,0.3609684109687805,0.4455624947328769,0
test:0:co.kitetech.todo,co.kitetech.todo,co.kitetech.todo.apk,test,0,0.053534978107886,0.021316722035408,0.037425850071647004,0
test:0:com.BOBs.BBS,com.BOBs.BBS,com.BOBs.BBS.apk,test,0,0.0005063847651375,9.82001147349365e-05,0.00030229243993621827,0
test:0:com.BookScouter,com.BookScouter,com.BookScouter.apk,test,0,0.0008844798790996,0.0005653071566484,0.0007248935178740001,0
test:0:com.FubonInsB2CApp,com.FubonInsB2CApp,com.FubonInsB2CApp.apk,test,0,0.0117600581106441,0.0346067212522029,0.0231833896814235,0
test:0:com.KeshetProductions.ProPetCompanion,com.KeshetProductions.ProPetCompanion,com.KeshetProductions.ProPetCompanion.apk,test,0,8.129952181100054e-06,0.0012115787249058,0.00060985433854345,0
test:0:com.MetaSmart.Android,com.MetaSmart.Android,com.MetaSmart.Android.apk,test,0,0.997259492216263,0.0008629444637335,0.4990612183399982,0
test:0:com.NexcorTech.KLEANZMobile,com.NexcorTech.KLEANZMobile,com.NexcorTech.KLEANZMobile.apk,test,0,1.716821725890346e-05,0.0011984993470832,0.0006078337821710518,0
test:0:com.PennyArcadeLobby,com.PennyArcadeLobby,com.PennyArcadeLobby.apk,test,0,0.0008225273978792,0.0281227473169565,0.014472637357417849,0
test:0:com.SalesAndPartner,com.SalesAndPartner,com.SalesAndPartner.apk,test,0,0.0123895109259994,0.1214436292648315,0.06691657009541545,0
test:0:com.TTMM,com.TTMM,com.TTMM.apk,test,0,0.0001454129574939,0.0009322105324827,0.0005388117449883,0
test:0:com.YONOLKMobileApp,com.YONOLKMobileApp,com.YONOLKMobileApp.apk,test,0,0.0001618150409489,0.0054546911269426,0.00280825308394575,0
test:0:com.actigraph.virtualhub.droid,com.actigraph.virtualhub.droid,com.actigraph.virtualhub.droid.apk,test,0,0.000124224823024,0.0013144904514774,0.0007193576372507,0
test:0:com.adib.genzmobile,com.adib.genzmobile,com.adib.genzmobile.apk,test,0,0.0001102398681436,9.653913366491906e-06,5.9946890755045955e-05,0
test:0:com.allenlund.ALC_Tracker,com.allenlund.ALC_Tracker,com.allenlund.ALC_Tracker.apk,test,0,0.0001791720126868,0.0019461226183921,0.00106264731553945,0
test:0:com.allenlund.CWTraffic,com.allenlund.CWTraffic,com.allenlund.CWTraffic.apk,test,0,0.0002223450754772,0.0032492757309228,0.0017358104032,0
test:0:com.amitysoft.ISSTracker,com.amitysoft.ISSTracker,com.amitysoft.ISSTracker.apk,test,0,0.4704832604596153,0.0117870857939124,0.24113517312676386,0
test:0:com.apal.farm2lab,com.apal.farm2lab,com.apal.farm2lab.apk,test,0,1.2436502955766544e-05,0.0002917798119597,0.00015210815745773327,0
test:0:com.appcajatrujillo,com.appcajatrujillo,com.appcajatrujillo.apk,test,0,0.0002954314890658,1.836162118706852e-05,0.00015689655512643425,0
test:0:com.architronic.archismartsolution,com.architronic.archismartsolution,com.architronic.archismartsolution.apk,test,0,0.000171461167915,0.0009583059581927,0.00056488356305385,0
test:0:com.auto.calendar.bangla,com.auto.calendar.bangla,com.auto.calendar.bangla.apk,test,0,0.0017473171415418,0.0138930017128586,0.0078201594272002,0
test:0:com.autoscuola.lacaravella,com.autoscuola.lacaravella,com.autoscuola.lacaravella.apk,test,0,0.0001454129574939,0.000976265699137,0.00056083932831545,0
test:0:com.bankalfalah.alfapay,com.bankalfalah.alfapay,com.bankalfalah.alfapay.apk,test,0,7.018164730026617e-05,0.000255400838796,0.0001627912430481331,0
test:0:com.barkahmaps.brawlstars,com.barkahmaps.brawlstars,com.barkahmaps.brawlstars.apk,test,0,0.9484020438536674,0.9629970788955688,0.9556995613746182,1
test:0:com.bcp.bo.wallet,com.bcp.bo.wallet,com.bcp.bo.wallet.apk,test,0,0.0048896293519726,0.0500672906637191,0.027478460007845852,0
test:0:com.beckhoff.tciotcommunicator,com.beckhoff.tciotcommunicator,com.beckhoff.tciotcommunicator.apk,test,0,0.9969392739091848,0.0011006779968738,0.49901997595302927,0
test:0:com.bgrs.Freedom7,com.bgrs.Freedom7,com.bgrs.Freedom7.apk,test,0,5.299117891146096e-06,0.000199521848117,0.00010241048300407305,0
test:0:com.bibdcorporate,com.bibdcorporate,com.bibdcorporate.apk,test,0,0.0003279272801495,0.0007719297427684,0.00054992851145895,0
test:0:com.bisnode.hu.bisnode_partnercontrol,com.bisnode.hu.bisnode_partnercontrol,com.bisnode.hu.bisnode_partnercontrol.apk,test,0,0.0001033390033679,0.00117535633035,0.00063934766685895,0
test:0:com.bookfusion.android.reader,com.bookfusion.android.reader,com.bookfusion.android.reader.apk,test,0,0.0043187803579533,0.0065176682546734,0.005418224306313351,0
test:0:com.booksrun.booksrun,com.booksrun.booksrun,com.booksrun.booksrun.apk,test,0,0.0012759010536147,0.0011703739874064,0.00122313752051055,0
test:0:com.brazsoft.swruralmobile,com.brazsoft.swruralmobile,com.brazsoft.swruralmobile.apk,test,0,5.4914085776005e-06,0.000408730469644,0.00020711093911080026,0
test:0:com.chic.point,com.chic.point,com.chic.point.apk,test,0,0.9752788927265796,0.3422505557537079,0.6587647242401438,1
test:0:com.cjkoreaexpress,com.cjkoreaexpress,com.cjkoreaexpress.apk,test,0,0.405052824761859,0.4422809481620788,0.42366688646196893,0
test:0:com.cma.LATSMobile,com.cma.LATSMobile,com.cma.LATSMobile.apk,test,0,0.000124392365484,0.0009556263103149,0.00054000933789945,0
test:0:com.colegiomodulo.professor,com.colegiomodulo.professor,com.colegiomodulo.professor.apk,test,0,5.662761288339838e-06,0.0002203982294304,0.00011303049535936993,0
test:0:com.companyname.SmartAccount,com.companyname.SmartAccount,com.companyname.SmartAccount.apk,test,0,4.702618796532911e-05,0.0015718350186944,0.0008094306033298646,0
test:0:com.conformit.intervention,com.conformit.intervention,com.conformit.intervention.apk,test,0,9.412864931257774e-06,0.001093985280022,0.0005516990724766289,0
test:0:com.controlfreq.futuregsm,com.controlfreq.futuregsm,com.controlfreq.futuregsm.apk,test,0,0.000242129452284,0.0009472551755607,0.00059469231392235,0
test:0:com.craftypint.app.android,com.craftypint.app.android,com.craftypint.app.android.apk,test,0,0.0006288625613279,0.0012291552266106,0.00092900889396925,0
test:0:com.cuca.ae,com.cuca.ae,com.cuca.ae.apk,test,0,0.0001445322344627,0.0010484092636033,0.000596470749033,0
test:0:com.devlopp.soft.medical26,com.devlopp.soft.medical26,com.devlopp.soft.medical26.apk,test,0,0.000810815661457,0.0232906956225633,0.01205075564201015,0
test:0:com.diamondmaps.OfflineApp,com.diamondmaps.OfflineApp,com.diamondmaps.OfflineApp.apk,test,0,0.0001363208356309,0.0010542887030169,0.0005953047693239,0
test:0:com.dofi.shuttle,com.dofi.shuttle,com.dofi.shuttle.apk,test,0,0.0003899490191988,0.0009920543525367,0.00069100168586775,0
test:0:com.doubleoctopus.authenticator,com.doubleoctopus.authenticator,com.doubleoctopus.authenticator.apk,test,0,8.175294303086356e-05,0.0001578357914695,0.00011979436725018177,0
test:0:com.dreame.writer,com.dreame.writer,com.dreame.writer.apk,test,0,0.0007892134099117,0.3191255629062652,0.15995738815808846,0
test:0:com.dteenergy.mydte,com.dteenergy.mydte,com.dteenergy.mydte.apk,test,0,0.2179905902743253,0.4399844408035278,0.3289875155389265,0
test:0:com.dwt.wiseinvestportfolio,com.dwt.wiseinvestportfolio,com.dwt.wiseinvestportfolio.apk,test,0,5.505716840002121e-06,0.0003691814490593,0.00018734358294965106,0
test:0:com.ecartek.en.kd,com.ecartek.en.kd,com.ecartek.en.kd.apk,test,0,0.9752788927265796,0.068324513733387,0.5218017032299833,0
test:0:com.ennoview.mydashlotussalon,com.ennoview.mydashlotussalon,com.ennoview.mydashlotussalon.apk,test,0,0.9946482761987706,0.0012644238304346,0.4979563500146026,0
test:0:com.ennoview.mydashrenaissancebeautyacademy,com.ennoview.mydashrenaissancebeautyacademy,com.ennoview.mydashrenaissancebeautyacademy.apk,test,0,0.9946482761987706,0.0011308818357065,0.49788957901723857,0
test:0:com.errigalcontracts.site_manager,com.errigalcontracts.site_manager,com.errigalcontracts.site_manager.apk,test,0,0.0001193403531191,0.0008498960523866,0.00048461820275285,0
test:0:com.esunsec.etrade,com.esunsec.etrade,com.esunsec.etrade.apk,test,0,0.0001907019616773,0.0615507550537586,0.03087072850771795,0
test:0:com.evry.android.cardcompanion.bea,com.evry.android.cardcompanion.bea,com.evry.android.cardcompanion.bea.apk,test,0,0.2083676718528946,0.1922097653150558,0.20028871858397518,0
test:0:com.facetec.photoidmatchtester,com.facetec.photoidmatchtester,com.facetec.photoidmatchtester.apk,test,0,0.000358384019693,0.0016411242540925,0.00099975413689275,0
test:0:com.facetec.zoomlogin,com.facetec.zoomlogin,com.facetec.zoomlogin.apk,test,0,0.0003278650750355,0.0001796865544747,0.0002537758147551,0
test:0:com.fakopp.arborsonic3d,com.fakopp.arborsonic3d,com.fakopp.arborsonic3d.apk,test,0,0.0003036527310087,0.0001772277755662,0.00024044025328745,0
test:0:com.finacus.cactrimovil,com.finacus.cactrimovil,com.finacus.cactrimovil.apk,test,0,1.6106850857149034e-05,4.939220889355056e-05,3.2749529875349795e-05,0
test:0:com.finacus.hcb,com.finacus.hcb,com.finacus.hcb.apk,test,0,2.4611803412069703e-05,0.0011007394641637,0.0005626756337878848,0
test:0:com.finotek.esignall,com.finotek.esignall,com.finotek.esignall.apk,test,0,0.0008330056573694,0.0016358653083443,0.0012344354828568499,0
test:0:com.firstbank.ebankOBSApp,com.firstbank.ebankOBSApp,com.firstbank.ebankOBSApp.apk,test,0,0.5305782231186804,0.0012634197482839,0.26592082143348217,0
test:0:com.gasline.mobile,com.gasline.mobile,com.gasline.mobile.apk,test,0,0.9946482761987706,0.0011658008443191,0.49790703852154483,0
test:0:com.geminisoft.crypta2,com.geminisoft.crypta2,com.geminisoft.crypta2.apk,test,0,0.0010328234760484,0.0004956171615049,0.00076422031877665,0
test:0:com.geoapps.hidepicturesvideo,com.geoapps.hidepicturesvideo,com.geoapps.hidepicturesvideo.apk,test,0,0.9994265710543644,0.1422856301069259,0.5708561005806452,1
test:0:com.gls.receivesmart,com.gls.receivesmart,com.gls.receivesmart.apk,test,0,0.0002727293367878,0.0027202556375414,0.0014964924871646,0
test:0:com.goi_inc.navitas,com.goi_inc.navitas,com.goi_inc.navitas.apk,test,0,4.08038684536587e-06,6.127566302893683e-05,3.267802493715135e-05,0
test:0:com.gribbon.android.rocketbosang,com.gribbon.android.rocketbosang,com.gribbon.android.rocketbosang.apk,test,0,0.3673258655382402,0.2974396049976349,0.33238273526793755,0
test:0:com.gurubhai.speakeng,com.gurubhai.speakeng,com.gurubhai.speakeng.apk,test,0,0.001308919441643,0.0084948372095823,0.00490187832561265,0
test:0:com.hamc.android.pine,com.hamc.android.pine,com.hamc.android.pine.apk,test,0,0.0967482362018235,0.3224869668483734,0.20961760152509845,0
test:0:com.holli,com.holli,com.holli.apk,test,0,0.9895468927324476,0.0019703533034771,0.4957586230179623,0
test:0:com.homeplus.myhomeplus,com.homeplus.myhomeplus,com.homeplus.myhomeplus.apk,test,0,0.9662738001242372,0.2262418717145919,0.5962578359194146,1
test:0:com.idosell.booking,com.idosell.booking,com.idosell.booking.apk,test,0,0.0001678006879513,0.0009693608153611,0.0005685807516562,0
test:0:com.infomax.nhfutures,com.infomax.nhfutures,com.infomax.nhfutures.apk,test,0,0.0168324748145796,0.0520387701690197,0.03443562249179965,0
test:0:com.ironappsdev.offroadincl,com.ironappsdev.offroadincl,com.ironappsdev.offroadincl.apk,test,0,0.0866136907963431,0.014420305378735,0.050516998087539046,0
test:0:com.isaweb.ojtqr,com.isaweb.ojtqr,com.isaweb.ojtqr.apk,test,0,1.2197448829184715e-05,0.0003964440838899,0.00020432076635954236,0
test:0:com.isprint.mobile.android.cds.customer2,com.isprint.mobile.android.cds.customer2,com.isprint.mobile.android.cds.customer2.apk,test,0,0.9970403680105,0.9898617267608644,0.9934510473856821,1
test:0:com.jlrkorea.owners,com.jlrkorea.owners,com.jlrkorea.owners.apk,test,0,0.0262963503933635,0.4427084624767303,0.23450240643504688,0
test:0:com.joyreading.wehear,com.joyreading.wehear,com.joyreading.wehear.apk,test,0,0.0007892134099117,0.0633808225393295,0.0320850179746206,0
test:0:com.kavkrishapps.stockalert,com.kavkrishapps.stockalert,com.kavkrishapps.stockalert.apk,test,0,0.0505467962947373,0.0051784603856503,0.0278626283401938,0
test:0:com.kbinsure.KBSmart,com.kbinsure.KBSmart,com.kbinsure.KBSmart.apk,test,0,0.6227200103905186,0.0713980793952941,0.34705904489290634,0
test:0:com.kiwoom.app.kiwoomaccount,com.kiwoom.app.kiwoomaccount,com.kiwoom.app.kiwoomaccount.apk,test,0,0.007285536637639,0.0567235946655273,0.032004565651583154,0
test:0:com.kmcsoftware.RTO,com.kmcsoftware.RTO,com.kmcsoftware.RTO.apk,test,0,0.2463613027614332,0.0068477322347462,0.1266045174980897,0
test:0:com.kooi.security,com.kooi.security,com.kooi.security.apk,test,0,0.0003747091739956,0.0026079637464135,0.00149133646020455,0
test:0:com.koreacb.kipinapp,com.koreacb.kipinapp,com.koreacb.kipinapp.apk,test,0,0.0491800571917265,0.4312476217746734,0.24021383948319996,0
test:0:com.kosaf.gpsAttendance,com.kosaf.gpsAttendance,com.kosaf.gpsAttendance.apk,test,0,0.2179606237511034,0.3135775923728943,0.2657691080619988,0
test:0:com.kotikan.android.sqastudyplanner,com.kotikan.android.sqastudyplanner,com.kotikan.android.sqastudyplanner.apk,test,0,0.988010421873404,0.0013335751136764,0.4946719984935402,0
test:0:com.krungthai.biznext.prod,com.krungthai.biznext.prod,com.krungthai.biznext.prod.apk,test,0,0.0443636953630215,0.0002938770339824,0.02232878619850195,0
test:0:com.kt.ollehfamilybox,com.kt.ollehfamilybox,com.kt.ollehfamilybox.apk,test,0,0.8350767833206038,0.7317054867744446,0.7833911350475242,1
test:0:com.kt.ydatabox,com.kt.ydatabox,com.kt.ydatabox.apk,test,0,0.7329332216990578,0.5010514855384827,0.6169923536187703,1
test:0:com.lafayetteinstrument.flickerfusion,com.lafayetteinstrument.flickerfusion,com.lafayetteinstrument.flickerfusion.apk,test,0,0.959557298719639,0.0010838535381481,0.48032057612889356,0
test:0:com.lagosenerji.Santral_Izleme_Sistemi,com.lagosenerji.Santral_Izleme_Sistemi,com.lagosenerji.Santral_Izleme_Sistemi.apk,test,0,0.0001426059682785,0.0011186843039467,0.0006306451361126,0
test:0:com.lguopg.paynow,com.lguopg.paynow,com.lguopg.paynow.apk,test,0,0.1879847019862686,0.166191354393959,0.1770880281901138,0
test:0:com.lguopg.paynowauth,com.lguopg.paynowauth,com.lguopg.paynowauth.apk,test,0,0.1879847019862686,0.4269900619983673,0.30748738199231795,0
test:0:com.lguplus.mobile.cs,com.lguplus.mobile.cs,com.lguplus.mobile.cs.apk,test,0,0.0180774775186042,0.5208654403686523,0.2694714589436283,0
test:0:com.lifewhere.home,com.lifewhere.home,com.lifewhere.home.apk,test,0,0.0001300535237015,0.0011421469971537,0.0006361002604276,0
test:0:com.linuscharak.Pharma_DEP1,com.linuscharak.Pharma_DEP1,com.linuscharak.Pharma_DEP1.apk,test,0,0.0069548870434931,0.0051462328992784,0.00605055997138575,0
test:0:com.loc8solutions.sqa.myexams,com.loc8solutions.sqa.myexams,com.loc8solutions.sqa.myexams.apk,test,0,0.988010421873404,0.0013463732320815,0.4946783975527428,0
test:0:com.manara.azanapp,com.manara.azanapp,com.manara.azanapp.apk,test,0,0.000175510442084,0.0009278869838453,0.00055169871296465,0
test:0:com.marscommerce.esweb,com.marscommerce.esweb,com.marscommerce.esweb.apk,test,0,0.000242129452284,0.0009074680274352,0.0005747987398596,0
test:0:com.meridian.amdss,com.meridian.amdss,com.meridian.amdss.apk,test,0,5.777834917951132e-06,0.0003299494564998,0.00016786364570887556,0
test:0:com.mimbt.NetsisPlus,com.mimbt.NetsisPlus,com.mimbt.NetsisPlus.apk,test,0,5.054301131751024e-06,2.662665610841941e-05,1.584047862008522e-05,0
test:0:com.mkapps.virtualtrading,com.mkapps.virtualtrading,com.mkapps.virtualtrading.apk,test,0,0.0505467962947373,0.0041749281808733,0.027360862237805303,0
test:0:com.msdsonline.eBinder,com.msdsonline.eBinder,com.msdsonline.eBinder.apk,test,0,0.0001791380608266,0.0008467718726024,0.0005129549667145,0
test:0:com.mycumulus,com.mycumulus,com.mycumulus.apk,test,0,3.571662023038072e-05,0.0007946857367642,0.0004152011784972904,0
test:0:com.nbk.IBGmobile,com.nbk.IBGmobile,com.nbk.IBGmobile.apk,test,0,0.051197573594736,0.3807540833950043,0.21597582849487013,0
test:0:com.omnitel.android.lottewebview,com.omnitel.android.lottewebview,com.omnitel.android.lottewebview.apk,test,0,0.969892607322859,0.1183772906661033,0.5441349489944811,1
test:0:com.oracle.siebel.mobile,com.oracle.siebel.mobile,com.oracle.siebel.mobile.apk,test,0,0.9950221576591196,0.5810799598693848,0.7880510587642522,1
test:0:com.pegadaiandigital,com.pegadaiandigital,com.pegadaiandigital.apk,test,0,0.0099917648036234,0.0149051863700151,0.01244847558681925,0
test:0:com.pivotal.mosmantrees,com.pivotal.mosmantrees,com.pivotal.mosmantrees.apk,test,0,0.0001894951863707,0.0008203302859328,0.00050491273615175,0
test:0:com.pixi.mobile,com.pixi.mobile,com.pixi.mobile.apk,test,0,0.5016147923901123,0.0022479682229459,0.2519313803065291,0
test:0:com.projecthours.projecthours,com.projecthours.projecthours,com.projecthours.projecthours.apk,test,0,0.0001142135401499,0.0009301152895204,0.0005221644148351499,0
test:0:com.qsronline.qsrmobilescheduling,com.qsronline.qsrmobilescheduling,com.qsronline.qsrmobilescheduling.apk,test,0,0.0003881124241114,0.0007067769765853,0.0005474447003483501,0
test:0:com.racechrono.app,com.racechrono.app,com.racechrono.app.apk,test,0,0.0026927059443725,1.557446194055956e-05,0.0013541402031565298,0
test:0:com.redactiva.redactivaapp,com.redactiva.redactivaapp,com.redactiva.redactivaapp.apk,test,0,1.331137430064246e-05,0.0008794998284429,0.0004464056013717712,0
test:0:com.rhb.reflex.bank,com.rhb.reflex.bank,com.rhb.reflex.bank.apk,test,0,0.1599092061582276,0.4739822149276733,0.31694571054295045,0
test:0:com.rj.rj_staff,com.rj.rj_staff,com.rj.rj_staff.apk,test,0,1.7258508958371186e-05,4.572172110783868e-05,3.1490115033104934e-05,0
test:0:com.satellaapps.hidepicturesvideo,com.satellaapps.hidepicturesvideo,com.satellaapps.hidepicturesvideo.apk,test,0,0.9994265710543644,0.2093642055988311,0.6043953883265978,1
test:0:com.serrala.payments,com.serrala.payments,com.serrala.payments.apk,test,0,0.6184895949518228,0.0031511904671788,0.3108203927095008,0
test:0:com.sgs.xamarin.engage,com.sgs.xamarin.engage,com.sgs.xamarin.engage.apk,test,0,4.754445224042225e-06,5.3479594498639926e-05,2.9117019861341076e-05,0
test:0:com.siemens.sitrainapp,com.siemens.sitrainapp,com.siemens.sitrainapp.apk,test,0,0.9848758601194606,0.0375289022922515,0.511202381205856,0
test:0:com.simple.english.reader,com.simple.english.reader,com.simple.english.reader.apk,test,0,0.0094967973688234,0.0083115920424461,0.00890419470563475,0
test:0:com.simplidots.sfa,com.simplidots.sfa,com.simplidots.sfa.apk,test,0,1.925466276722833e-05,0.0005385846015997,0.0002789196321834642,0
test:0:com.siyangxunfei.chenyang.sharetrack,com.siyangxunfei.chenyang.sharetrack,com.siyangxunfei.chenyang.sharetrack.apk,test,0,0.939738525050089,0.0729576051235199,0.5063480650868044,0
test:0:com.skipton.securepasscode,com.skipton.securepasscode,com.skipton.securepasscode.apk,test,0,0.0001825644825123,1.0685773304430768e-05,9.662512790836538e-05,0
test:0:com.skt.smartbill,com.skt.smartbill,com.skt.smartbill.apk,test,0,0.1879847019862686,0.0804299116134643,0.13420730679986645,0
test:0:com.socialapps.homeplus,com.socialapps.homeplus,com.socialapps.homeplus.apk,test,0,0.2686229110731091,0.0014321806374937,0.13502754585530138,0
test:0:com.ssm.asiana,com.ssm.asiana,com.ssm.asiana.apk,test,0,0.0045783111957359,0.0019954985473304,0.00328690487153315,0
test:0:com.subsurfacemaps.OfflineApp,com.subsurfacemaps.OfflineApp,com.subsurfacemaps.OfflineApp.apk,test,0,0.0001363208356309,0.0008717589080333,0.0005040398718321,0
test:0:com.superspincoinappy.app,com.superspincoinappy.app,com.superspincoinappy.app.apk,test,0,0.0068301073513115,0.0207012984901666,0.01376570292073905,0
test:0:com.sysdevmobile.DCAPP,com.sysdevmobile.DCAPP,com.sysdevmobile.DCAPP.apk,test,0,0.0142353497722499,0.343561053276062,0.17889820152415595,0
test:0:com.tasleem.myaccount,com.tasleem.myaccount,com.tasleem.myaccount.apk,test,0,4.2963167351142365e-05,0.0007207992603071,0.0003818812138291212,0
test:0:com.tedrasoft.plumber,com.tedrasoft.plumber,com.tedrasoft.plumber.apk,test,0,0.8700982782529598,0.0828438252210617,0.47647105173701076,0
test:0:com.tedrasoft.plumber.expert,com.tedrasoft.plumber.expert,com.tedrasoft.plumber.expert.apk,test,0,0.9950011570448596,0.7604855895042419,0.8777433732745508,1
test:0:com.time2work.employeeapp.android,com.time2work.employeeapp.android,com.time2work.employeeapp.android.apk,test,0,0.0007290597511796,0.0009440265130251,0.00083654313210235,0
test:0:com.tiqiaa.remote,com.tiqiaa.remote,com.tiqiaa.remote.apk,test,0,0.5212670028938224,0.014425441622734,0.2678462222582782,0
test:0:com.tmoney.nfc_pay,com.tmoney.nfc_pay,com.tmoney.nfc_pay.apk,test,0,0.1948801036586577,0.1400878131389618,0.16748395839880975,0
test:0:com.travelingmailbox.mail,com.travelingmailbox.mail,com.travelingmailbox.mail.apk,test,0,0.0001445322344627,0.0009905106853693,0.000567521459916,0
test:0:com.truefriend.newglobala,com.truefriend.newglobala,com.truefriend.newglobala.apk,test,0,0.0104153870868065,0.3889531195163727,0.1996842533015896,0
test:0:com.turborocketgames.wildcraft,com.turborocketgames.wildcraft,com.turborocketgames.wildcraft.apk,test,0,0.964596357244977,0.2066028714179992,0.5855996143314881,1
test:0:com.ubikey,com.ubikey,com.ubikey.apk,test,0,0.8299155008977583,0.2061401754617691,0.5180278381797637,0
test:0:com.usana.android.hub,com.usana.android.hub,com.usana.android.hub.apk,test,0,0.0020420301200551,0.0037976293824613,0.0029198297512582003,0
test:0:com.velocityehs.velocityehs,com.velocityehs.velocityehs,com.velocityehs.velocityehs.apk,test,0,0.0002122561443327,0.0006022257730364,0.00040724095868455005,0
test:0:com.virtual.go,com.virtual.go,com.virtual.go.apk,test,0,0.0005218397513339,0.0093780532479286,0.00494994649963125,0
test:0:com.wftpserver.ftprush,com.wftpserver.ftprush,com.wftpserver.ftprush.apk,test,0,0.0001686139054418,0.0008920871769078,0.0005303505411748,0
test:0:com.wika.myWikaWirelessDevice,com.wika.myWikaWirelessDevice,com.wika.myWikaWirelessDevice.apk,test,0,1.5888770035986626e-05,0.0009867126354947,0.0005013007027653434,0
test:0:com.wooricap.jbmobilesupport,com.wooricap.jbmobilesupport,com.wooricap.jbmobilesupport.apk,test,0,0.2637484060319099,0.0182929169386625,0.1410206614852862,0
test:0:com.wurzelkraut.Stash2Go,com.wurzelkraut.Stash2Go,com.wurzelkraut.Stash2Go.apk,test,0,0.0002647208496602,0.0036742389202117,0.00196947988493595,0
test:0:com.xiuxin.instagram.unfollow,com.xiuxin.instagram.unfollow,com.xiuxin.instagram.unfollow.apk,test,0,0.0094967973688234,0.021500751376152,0.0154987743724877,0
test:0:com.xlingenieria.unifilar,com.xlingenieria.unifilar,com.xlingenieria.unifilar.apk,test,0,0.0019518239289179,0.0827374309301376,0.042344627429527756,0
test:0:com.xopoc.drpeterramsis.copticalhan_tasbehacopticgad,com.xopoc.drpeterramsis.copticalhan_tasbehacopticgad,com.xopoc.drpeterramsis.copticalhan_tasbehacopticgad.apk,test,0,0.001497942051433,0.0104779470711946,0.0059879445613138,0
test:0:com.yebigun4.ex,com.yebigun4.ex,com.yebigun4.ex.apk,test,0,0.5522898378346462,0.1671438217163086,0.3597168297754774,0
test:0:com.yuanta.android.string,com.yuanta.android.string,com.yuanta.android.string.apk,test,0,0.0777659619244267,0.0029354821890592,0.04035072205674295,0
test:0:com.zc.android,com.zc.android,com.zc.android.apk,test,0,0.0009447766316685,0.0062574101611971,0.0036010933964328,0
test:0:com.zinuzoid.xcsoar_jet,com.zinuzoid.xcsoar_jet,com.zinuzoid.xcsoar_jet.apk,test,0,0.001351261869321,0.0002276082086609,0.00078943503899095,0
test:0:com.zong.customercare,com.zong.customercare,com.zong.customercare.apk,test,0,0.008510054795136,0.641693651676178,0.325101853235657,0
test:0:continiaexpensemanagement2.droid,continiaexpensemanagement2.droid,continiaexpensemanagement2.droid.apk,test,0,7.972835927061617e-05,0.0013079837663099,0.0006938560627902581,0
test:0:davfla.ShiftplanerTrail,davfla.ShiftplanerTrail,davfla.ShiftplanerTrail.apk,test,0,0.0007254636423381,1.7357629644720873e-07,0.0003628186093172736,0
test:0:de.degener.clicklearn.forms,de.degener.clicklearn.forms,de.degener.clicklearn.forms.apk,test,0,9.97049830389156e-06,0.00105463527143,0.0005323028848669458,0
test:0:de.hammtech.realgunsounds,de.hammtech.realgunsounds,de.hammtech.realgunsounds.apk,test,0,0.0038154876659673,0.1091830879449844,0.05649928780547585,0
test:0:de.hammtech.sirenhornsounds,de.hammtech.sirenhornsounds,de.hammtech.sirenhornsounds.apk,test,0,0.0038154876659673,0.2351880669593811,0.1195017773126742,0
test:0:de.proclean_software.protime_ext,de.proclean_software.protime_ext,de.proclean_software.protime_ext.apk,test,0,0.9578225854620972,0.00116885418538,0.4794957198237386,0
test:0:de.quandoo.android.consumerapp,de.quandoo.android.consumerapp,de.quandoo.android.consumerapp.apk,test,0,0.0030137353998371,0.2134621888399124,0.10823796211987474,0
test:0:de.santander.presentation,de.santander.presentation,de.santander.presentation.apk,test,0,0.427844869493203,0.5502521395683289,0.4890485045307659,0
test:0:deVries.WMS.Publication.Mobile.UI.Android,deVries.WMS.Publication.Mobile.UI.Android,deVries.WMS.Publication.Mobile.UI.Android.apk,test,0,0.0001845326620733,0.0015793294878676,0.0008819310749704501,0
test:0:dk.dhf.haandbold,dk.dhf.haandbold,dk.dhf.haandbold.apk,test,0,0.0022414293432822,0.0009361842530779,0.00158880679818005,0
test:0:dk.intego.vedligehold,dk.intego.vedligehold,dk.intego.vedligehold.apk,test,0,8.94322783016745e-05,0.0008175993571057,0.00045351581770368724,0
test:0:enbd.mobilebanking.egyptmobile,enbd.mobilebanking.egyptmobile,enbd.mobilebanking.egyptmobile.apk,test,0,0.0001157432983224,0.0006123920902609,0.00036406769429165003,0
test:0:eu.bachinger.BonissimoFunkbonieren,eu.bachinger.BonissimoFunkbonieren,eu.bachinger.BonissimoFunkbonieren.apk,test,0,9.737558884049044e-06,0.0011525453301146,0.0005811414444993245,0
test:0:fg.MasterOfRegolarity,fg.MasterOfRegolarity,fg.MasterOfRegolarity.apk,test,0,0.0006482300311377,0.0011837374186143,0.0009159837248759999,0
test:0:fg.cronomillemiglia,fg.cronomillemiglia,fg.cronomillemiglia.apk,test,0,0.0006677214002617,0.0450286939740181,0.0228482076871399,0
test:0:fi.ElisaAppelsiini.Telemetry,fi.ElisaAppelsiini.Telemetry,fi.ElisaAppelsiini.Telemetry.apk,test,0,0.0001389798141237,0.0011419033398851,0.0006404415770044,0
test:0:gov.miamidade.mdcsolidwaste,gov.miamidade.mdcsolidwaste,gov.miamidade.mdcsolidwaste.apk,test,0,5.725550759349045e-06,0.0001708030613372,8.826430604827451e-05,0
test:0:gov.panynj.pathuatapp,gov.panynj.pathuatapp,gov.panynj.pathuatapp.apk,test,0,0.0002704294678518,0.0006938101141713,0.00048211979101155,0
test:0:gts.rhbosk.sifb.com.dealer,gts.rhbosk.sifb.com.dealer,gts.rhbosk.sifb.com.dealer.apk,test,0,0.0461136605982855,0.0339518263936042,0.04003274349594485,0
test:0:iLogisticNetMobile.iLogisticNetMobile.x2,iLogisticNetMobile.iLogisticNetMobile.x2,iLogisticNetMobile.iLogisticNetMobile.x2.apk,test,0,1.786595994737773e-05,0.0002595034311525,0.00013868469554993886,0
test:0:info.vrsystem.gourmetdroid,info.vrsystem.gourmetdroid,info.vrsystem.gourmetdroid.apk,test,0,0.0001901579406867,0.0008700900943949,0.0005301240175408,0
test:0:io.kodular.drpeterramsis2007.Arshy_Angelos,io.kodular.drpeterramsis2007.Arshy_Angelos,io.kodular.drpeterramsis2007.Arshy_Angelos.apk,test,0,0.001497942051433,0.0260466448962688,0.0137722934738509,0
test:0:io.makeroid.companion,io.makeroid.companion,io.makeroid.companion.apk,test,0,0.0114133230373609,0.0090543823316693,0.010233852684515099,0
test:0:it.raiffeisen.app,it.raiffeisen.app,it.raiffeisen.app.apk,test,0,0.7991267113644269,0.7313252687454224,0.7652259900549246,1
test:0:it.raiffeisen.id,it.raiffeisen.id,it.raiffeisen.id.apk,test,0,0.7758493269806037,0.1194392517209053,0.4476442893507545,0
test:0:it.ritmo.setandgo,it.ritmo.setandgo,it.ritmo.setandgo.apk,test,0,0.0003459147072105,0.0014827938284724,0.00091435426784145,0
test:0:jp.co.fitnesst1,jp.co.fitnesst1,jp.co.fitnesst1.apk,test,0,7.381546580022466e-05,0.0020620007999241,0.0010679081328621625,0
test:0:jp.co.sumitomokenki.GNavApp,jp.co.sumitomokenki.GNavApp,jp.co.sumitomokenki.GNavApp.apk,test,0,1.0501518087192505e-05,0.0010817585280165,0.0005461300230518463,0
test:0:jp.mbga.a12016007.lite,jp.mbga.a12016007.lite,jp.mbga.a12016007.lite.apk,test,0,0.9722134491548426,0.8890211582183838,0.9306173036866132,1
test:0:kr.co.ebizway.bizwms4,kr.co.ebizway.bizwms4,kr.co.ebizway.bizwms4.apk,test,0,6.061044792597468e-06,2.8928205210831948e-05,1.749462500171471e-05,0
test:0:kr.co.heungkuklife.hklifem,kr.co.heungkuklife.hklifem,kr.co.heungkuklife.hklifem.apk,test,0,0.1394651727066907,0.5559549331665039,0.3477100529365973,0
test:0:kr.co.nicevan.apppos,kr.co.nicevan.apppos,kr.co.nicevan.apppos.apk,test,0,0.5723556289543177,0.7464109659194946,0.6593832974369062,1
test:0:kr.co.nicevan.bujaapp,kr.co.nicevan.bujaapp,kr.co.nicevan.bujaapp.apk,test,0,0.9321825048083414,0.0160950422286987,0.4741387735185201,0
test:0:kr.co.s1.mobilecard.s1mobilecard,kr.co.s1.mobilecard.s1mobilecard,kr.co.s1.mobilecard.s1mobilecard.apk,test,0,0.9915951253190864,0.4573391377925873,0.7244671315558369,1
test:0:kr.co.ybtour.mobile.ybtourApp,kr.co.ybtour.mobile.ybtourApp,kr.co.ybtour.mobile.ybtourApp.apk,test,0,0.5514108605085178,0.8394846320152283,0.6954477462618731,1
test:0:kr.co.yido.safeD,kr.co.yido.safeD,kr.co.yido.safeD.apk,test,0,1.0664676680699752e-05,0.0010418398305773,0.0005262522536289999,0
test:0:kr.go.epost.mobile.app,kr.go.epost.mobile.app,kr.go.epost.mobile.app.apk,test,0,0.0532474731771022,0.8192193508148193,0.4362334119959608,0
test:0:kr.go.ffbUser0801,kr.go.ffbUser0801,kr.go.ffbUser0801.apk,test,0,0.0003418080556867,0.8443763256072998,0.42235906683149327,0
test:0:kr.go.seoul.seoulSmartReport,kr.go.seoul.seoulSmartReport,kr.go.seoul.seoulSmartReport.apk,test,0,0.9836119723989888,0.7778855562210083,0.8807487643099985,1
test:0:kr.or.giro.android,kr.or.giro.android,kr.or.giro.android.apk,test,0,0.0004424924156619,0.261168897151947,0.13080569478380447,0
test:0:lishi.assistand.tony.stewardgmail.com,lishi.assistand.tony.stewardgmail.com,lishi.assistand.tony.stewardgmail.com.apk,test,0,0.0013701924853284,0.2121187895536422,0.1067444910194853,0
test:0:microinvest.AxisCloud,microinvest.AxisCloud,microinvest.AxisCloud.apk,test,0,0.0063870413832763,0.0916371643543243,0.0490121028688003,0
test:0:mindware.mindgames,mindware.mindgames,mindware.mindgames.apk,test,0,0.0016934257659329,0.0002320786152267,0.0009627521905798,0
test:0:mindware.mindgamespro,mindware.mindgamespro,mindware.mindgamespro.apk,test,0,0.0003330447037929,0.014225629158318,0.00727933693105545,0
test:0:mindware.minegames,mindware.minegames,mindware.minegames.apk,test,0,0.0010309636016634,0.0175591558218002,0.0092950597117318,0
test:0:mk.com.diners.mobapp,mk.com.diners.mobapp,mk.com.diners.mobapp.apk,test,0,0.9924782242457,0.0012416649842634,0.4968599446149817,0
test:0:mobi.mywealth,mobi.mywealth,mobi.mywealth.apk,test,0,0.0001195500627887,0.0010828220983967,0.0006011860805927,0
test:0:mobi.mywealthpro,mobi.mywealthpro,mobi.mywealthpro.apk,test,0,9.806949372027516e-06,0.0006010233773849,0.00030541516337846377,0
test:0:mr.bpm.digitalbanking.consumer,mr.bpm.digitalbanking.consumer,mr.bpm.digitalbanking.consumer.apk,test,0,0.0004353983815837,0.9384556412696838,0.46944551982563376,0
test:0:mt.gov.urbact,mt.gov.urbact,mt.gov.urbact.apk,test,0,0.0001686139054418,0.000933852919843,0.0005512334126424,0
test:0:mv.g,mv.g,mv.g.apk,test,0,0.0468332391809077,0.0233874563127756,0.03511034774684165,0
test:0:net.mbc.shahid,net.mbc.shahid,net.mbc.shahid.apk,test,0,0.0015257032202317,7.837903831386939e-05,0.0008020411292727847,0
test:0:nl.carsalarm.app,nl.carsalarm.app,nl.carsalarm.app.apk,test,0,0.0001822006537484,0.000749223283492,0.0004657119686202,0
test:0:nl.devolksbank.regio.mijnkantoor,nl.devolksbank.regio.mijnkantoor,nl.devolksbank.regio.mijnkantoor.apk,test,0,0.0001588035801626,0.0001102216047002,0.00013451259243140001,0
test:0:nl.jamilo.BeetTracker,nl.jamilo.BeetTracker,nl.jamilo.BeetTracker.apk,test,0,0.9926298920505118,0.001758629688993,0.4971942608697524,0
test:0:nl.omrin.afvalapp,nl.omrin.afvalapp,nl.omrin.afvalapp.apk,test,0,0.000166343274214,0.0009948645019903,0.00058060388810215,0
test:0:no.oslokommune.parkeringsapp,no.oslokommune.parkeringsapp,no.oslokommune.parkeringsapp.apk,test,0,0.0002923491945305,0.0010056993924081,0.0006490242934693001,0
test:0:org.banksa.bank,org.banksa.bank,org.banksa.bank.apk,test,0,5.655949601296915e-05,0.0054408307187259,0.0027486951073694343,0
test:0:org.eldes.tool,org.eldes.tool,org.eldes.tool.apk,test,0,0.0002231759439295,4.032191645819694e-05,0.0001317489301938485,0
test:0:org.ooma.oomaapp,org.ooma.oomaapp,org.ooma.oomaapp.apk,test,0,0.000122230740833,0.0007802645559422,0.0004512476483876,0
test:0:org.stgeorge.bank,org.stgeorge.bank,org.stgeorge.bank.apk,test,0,5.752807244903394e-05,0.0035058015491813,0.001781664810815167,0
test:0:org.whiteglow.antinuisance,org.whiteglow.antinuisance,org.whiteglow.antinuisance.apk,test,0,0.3475992279375918,0.7034284472465515,0.5255138375920716,1
test:0:org.whiteglow.keepmynotes,org.whiteglow.keepmynotes,org.whiteglow.keepmynotes.apk,test,0,0.11281603488809,0.0425090827047824,0.0776625587964362,0
test:0:pitlogic.csi,pitlogic.csi,pitlogic.csi.apk,test,0,2.0680468569156805e-05,0.0001327474310528,7.67139498109784e-05,0
test:0:pl.satis.carpooling,pl.satis.carpooling,pl.satis.carpooling.apk,test,0,0.0003594197313092,0.0006895294063724,0.0005244745688408,0
test:0:pr.com.mcs.android,pr.com.mcs.android,pr.com.mcs.android.apk,test,0,0.0002640024920603,0.0010338716674596,0.00064893707975995,0
test:0:projectportal.mobile.androidapp,projectportal.mobile.androidapp,projectportal.mobile.androidapp.apk,test,0,0.9920775761985264,0.0038659886922687,0.4979717824453976,0
test:0:ro.yo3ggx.rxtx,ro.yo3ggx.rxtx,ro.yo3ggx.rxtx.apk,test,0,0.0300740805667947,0.0096675865352153,0.019870833551005,0
test:0:ru.iiko.inote,ru.iiko.inote,ru.iiko.inote.apk,test,0,0.0001068514317909,0.0011260556057095,0.0006164535187502,0
test:0:ru.staddy.iqcircle,ru.staddy.iqcircle,ru.staddy.iqcircle.apk,test,0,0.2708469627529863,0.0137011166661977,0.14227403970959202,0
test:0:si.bankart.flik,si.bankart.flik,si.bankart.flik.apk,test,0,0.1037482826191844,0.0003539931203704,0.0520511378697774,0
test:0:si.nlbpay.slovenija,si.nlbpay.slovenija,si.nlbpay.slovenija.apk,test,0,0.1037482826191844,0.0006057924474589,0.052177037533321646,0
test:0:spacetime.android,spacetime.android,spacetime.android.apk,test,0,0.0006575403790592,0.000876298174262,0.0007669192766606,0
test:0:tw.com.scsb.android.mbank,tw.com.scsb.android.mbank,tw.com.scsb.android.mbank.apk,test,0,0.0163278700176381,0.0200376957654953,0.0181827828915667,0
test:0:tw.com.tmrt.app,tw.com.tmrt.app,tw.com.tmrt.app.apk,test,0,1.1231473954094278e-05,0.0011725415242835,0.0005918864991187971,0
test:0:tw.gov.ntuh.eportal,tw.gov.ntuh.eportal,tw.gov.ntuh.eportal.apk,test,0,0.0001218642393519,0.0015150727704167,0.0008184685048843,0
test:0:tw.gov.tra.twtraffic,tw.gov.tra.twtraffic,tw.gov.tra.twtraffic.apk,test,0,2.739554605574913e-05,0.0102653987705707,0.005146397158313224,0
test:0:uk.co.cplonline.marstons,uk.co.cplonline.marstons,uk.co.cplonline.marstons.apk,test,0,9.420717807209111e-06,0.0009791986085474,0.0004943096631773046,0
test:0:uk.co.emacs.arc_aide_lite,uk.co.emacs.arc_aide_lite,uk.co.emacs.arc_aide_lite.apk,test,0,0.0003570401354112,0.0002305467351106,0.0002937934352609,0
test:0:uk.co.smarttile.gymetc,uk.co.smarttile.gymetc,uk.co.smarttile.gymetc.apk,test,0,0.9903959329274528,0.0010404408676549,0.4957181868975538,0
test:0:uk.co.stefsquared.buddyfight,uk.co.stefsquared.buddyfight,uk.co.stefsquared.buddyfight.apk,test,0,0.0007381757852466,0.0870975777506828,0.0439178767679647,0
test:0:uk.co.stefsquared.dragonball,uk.co.stefsquared.dragonball,uk.co.stefsquared.dragonball.apk,test,0,0.0004778248692545,0.0278091952204704,0.01414351004486245,0
test:0:uk.co.stefsquared.vanguard,uk.co.stefsquared.vanguard,uk.co.stefsquared.vanguard.apk,test,0,0.0011664374086943,0.0029398507904261,0.0020531440995602,0
test:0:www.sagitalcashlite.net,www.sagitalcashlite.net,www.sagitalcashlite.net.apk,test,0,0.0003039905720977,0.0072878943756222,0.0037959424738599496,0
test:0:www.sagitalcashliteeng.net,www.sagitalcashliteeng.net,www.sagitalcashliteeng.net.apk,test,0,0.0002935724313445,0.0082122022286057,0.0042528873299751005,0
test:1:ao.mobile.gps,ao.mobile.gps,ao.mobile.gps.apk,test,1,0.999408608945768,0.954185664653778,0.976797136799773,1
test:1:app.childsafetytracker,app.childsafetytracker,app.childsafetytracker.apk,test,1,0.993799888760208,0.4843887686729431,0.7390943287165755,1
test:1:app.faceify.corp,app.faceify.corp,app.faceify.corp.apk,test,1,0.9289609623999808,0.0454352349042892,0.48719809865213504,0
test:1:app.seniorsafety,app.seniorsafety,app.seniorsafety.apk,test,1,0.9947174519213527,0.6904390454292297,0.8425782486752913,1
test:1:app.simple.goal.planner,app.simple.goal.planner,app.simple.goal.planner.apk,test,1,0.9437526901681808,0.1961690485477447,0.5699608693579628,1
test:1:bar.harmonica.app,bar.harmonica.app,bar.harmonica.app.apk,test,1,0.0076786632557644,0.0003320400137454,0.0040053516347548996,0
test:1:boxnmove.mover.driver,boxnmove.mover.driver,boxnmove.mover.driver.apk,test,1,0.9983960470476836,0.8818972110748291,0.9401466290612563,1
test:1:by.soft.garageapp,by.soft.garageapp,by.soft.garageapp.apk,test,1,0.9814703933754648,0.408968985080719,0.695219689228092,1
test:1:cloud.helmuga.tracker,cloud.helmuga.tracker,cloud.helmuga.tracker.apk,test,1,0.8423474641846262,0.188017651438713,0.5151825578116697,0
test:1:cn.icelamp.pro2048,cn.icelamp.pro2048,cn.icelamp.pro2048.apk,test,1,0.9752788927265796,0.9997175335884094,0.9874982131574945,1
test:1:cn.trinea.android.developertools,cn.trinea.android.developertools,cn.trinea.android.developertools.apk,test,1,0.9752788927265796,0.9986107349395752,0.9869448138330774,1
test:1:co.funscreens.wallpaper_najarian,co.funscreens.wallpaper_najarian,co.funscreens.wallpaper_najarian.apk,test,1,0.0366886545064646,0.0604843832552433,0.048586518880853954,0
test:1:co.median.android.xxbpxd,co.median.android.xxbpxd,co.median.android.xxbpxd.apk,test,1,0.9652276087317596,0.2573726773262024,0.6113001430289811,1
test:1:co.median.android.xxzjmx,co.median.android.xxzjmx,co.median.android.xxzjmx.apk,test,1,0.9652276087317596,0.2314654141664505,0.5983465114491051,1
test:1:com.Fibrum.vrfall,com.Fibrum.vrfall,com.Fibrum.vrfall.apk,test,1,0.5612357914057686,0.1703053563833236,0.3657705738945461,0
test:1:com.PadUp.appexperts,com.PadUp.appexperts,com.PadUp.appexperts.apk,test,1,0.999717191906365,0.0028184258844703,0.5012678088954177,0
test:1:com.SingKing,com.SingKing,com.SingKing.apk,test,1,0.6632374196045275,0.6683359146118164,0.665786667108172,1
test:1:com.SolarEclipse2023.P800,com.SolarEclipse2023.P800,com.SolarEclipse2023.P800.apk,test,1,0.0003727626785174,0.0052921315655112,0.0028324471220143,0
test:1:com.a1392191062.dvc,com.a1392191062.dvc,com.a1392191062.dvc.apk,test,1,0.9984886592134864,0.797076940536499,0.8977827998749928,1
test:1:com.adendev.rwaya20,com.adendev.rwaya20,com.adendev.rwaya20.apk,test,1,0.9999686805882128,0.9956478476524352,0.997808264120324,1
test:1:com.adendev.rwaya27,com.adendev.rwaya27,com.adendev.rwaya27.apk,test,1,0.9999686805882128,0.9962143301963806,0.9980915053922967,1
test:1:com.ahaworld.ahaworld,com.ahaworld.ahaworld,com.ahaworld.ahaworld.apk,test,1,0.9974384919415684,0.9431790709495544,0.9703087814455614,1
test:1:com.aishwa.mbappewallpaper,com.aishwa.mbappewallpaper,com.aishwa.mbappewallpaper.apk,test,1,0.9416152855545654,0.947289764881134,0.9444525252178497,1
test:1:com.ajthebillionaire.build_a_beat,com.ajthebillionaire.build_a_beat,com.ajthebillionaire.build_a_beat.apk,test,1,0.5988273474719122,0.5450693964958191,0.5719483719838656,1
test:1:com.alan.tqd,com.alan.tqd,com.alan.tqd.apk,test,1,0.991462526176133,0.2753492295742035,0.6334058778751682,1
test:1:com.alfanetwork.cloudmineapp,com.alfanetwork.cloudmineapp,com.alfanetwork.cloudmineapp.apk,test,1,0.999925484674266,0.998077154159546,0.9990013194169061,1
test:1:com.amalannudandalilamaliyahnu.forextradingplatforms,com.amalannudandalilamaliyahnu.forextradingplatforms,com.amalannudandalilamaliyahnu.forextradingplatforms.apk,test,1,0.0886599823609887,0.0557453073561191,0.0722026448585539,0
test:1:com.amertaindahotsuka.sweatgeneration,com.amertaindahotsuka.sweatgeneration,com.amertaindahotsuka.sweatgeneration.apk,test,1,0.9269162247483074,0.5811352133750916,0.7540257190616995,1
test:1:com.andromo.dev391844.app447595,com.andromo.dev391844.app447595,com.andromo.dev391844.app447595.apk,test,1,0.9524030108637294,0.7899985909461975,0.8712008009049634,1
test:1:com.andromo.dev391844.app447753,com.andromo.dev391844.app447753,com.andromo.dev391844.app447753.apk,test,1,0.9524030108637294,0.8687332272529602,0.9105681190583448,1
test:1:com.andromo.dev391844.app565436,com.andromo.dev391844.app565436,com.andromo.dev391844.app565436.apk,test,1,0.9524030108637294,0.9203093647956848,0.9363561878297071,1
test:1:com.andromo.dev391844.app835828,com.andromo.dev391844.app835828,com.andromo.dev391844.app835828.apk,test,1,0.9524030108637294,0.8728541135787964,0.9126285622212629,1
test:1:com.anu.developers3k.testmydevice,com.anu.developers3k.testmydevice,com.anu.developers3k.testmydevice.apk,test,1,0.9528897436675854,0.340995043516159,0.6469423935918722,1
test:1:com.apksrebrand.smarters.leontv,com.apksrebrand.smarters.leontv,com.apksrebrand.smarters.leontv.apk,test,1,0.9996763601317598,0.4625462889671325,0.7311113245494462,1
test:1:com.app.dumbify,com.app.dumbify,com.app.dumbify.apk,test,1,0.9782807563598752,0.2065240144729614,0.5924023854164183,1
test:1:com.app.mobiledeviceusers,com.app.mobiledeviceusers,com.app.mobiledeviceusers.apk,test,1,0.7539019194355958,0.732541561126709,0.7432217402811524,1
test:1:com.app.protector.locker.pro,com.app.protector.locker.pro,com.app.protector.locker.pro.apk,test,1,0.9972663025272482,0.648552417755127,0.8229093601411877,1
test:1:com.app.securekin,com.app.securekin,com.app.securekin.apk,test,1,0.9804957654142324,0.0854104086756706,0.5329530870449515,1
test:1:com.awaed.app,com.awaed.app,com.awaed.app.apk,test,1,0.7769646211157035,0.6649777889251709,0.7209712050204372,1
test:1:com.badr.english2021,com.badr.english2021,com.badr.english2021.apk,test,1,0.9002992116050004,0.9780489802360536,0.939174095920527,1
test:1:com.bambulab.cyberbrick,com.bambulab.cyberbrick,com.bambulab.cyberbrick.apk,test,1,0.9745207636614128,0.7905681729316711,0.882544468296542,1
test:1:com.bekids.gogotown.home,com.bekids.gogotown.home,com.bekids.gogotown.home.apk,test,1,0.9870481958156608,0.9713343977928162,0.9791912968042384,1
test:1:com.bekids.gogotown.music,com.bekids.gogotown.music,com.bekids.gogotown.music.apk,test,1,0.9870481958156608,0.9216557145118712,0.954351955163766,1
test:1:com.bekids.gogotown.unicorns,com.bekids.gogotown.unicorns,com.bekids.gogotown.unicorns.apk,test,1,0.9870481958156608,0.8541659116744995,0.9206070537450801,1
test:1:com.bgm.gfx,com.bgm.gfx,com.bgm.gfx.apk,test,1,0.999671305774004,0.998335897922516,0.99900360184826,1
test:1:com.bhai.allt,com.bhai.allt,com.bhai.allt.apk,test,1,0.9999613887945028,0.9957697987556458,0.9978655937750742,1
test:1:com.bitgougou_g,com.bitgougou_g,com.bitgougou_g.apk,test,1,0.9752788927265796,0.9999767541885376,0.9876278234575586,1
test:1:com.bits.masafi.consumer,com.bits.masafi.consumer,com.bits.masafi.consumer.apk,test,1,0.9898913810069766,0.9394161105155944,0.9646537457612855,1
test:1:com.botaotrick.app,com.botaotrick.app,com.botaotrick.app.apk,test,1,0.9998289830534768,0.9985847473144532,0.999206865183965,1
test:1:com.botaotrick.nickshock,com.botaotrick.nickshock,com.botaotrick.nickshock.apk,test,1,0.99990018438752,0.997750461101532,0.9988253227445261,1
test:1:com.chipster.crunch,com.chipster.crunch,com.chipster.crunch.apk,test,1,0.9911700272428868,0.4888245761394501,0.7399973016911685,1
test:1:com.cn2you.app,com.cn2you.app,com.cn2you.app.apk,test,1,0.9964747378150052,0.7253110408782959,0.8608928893466505,1
test:1:com.coacsanfrancisco.pronosticosmovil,com.coacsanfrancisco.pronosticosmovil,com.coacsanfrancisco.pronosticosmovil.apk,test,1,0.0001748943384358,0.0009063714533112,0.0005406328958735,0
test:1:com.cognaxon.NISTviewer,com.cognaxon.NISTviewer,com.cognaxon.NISTviewer.apk,test,1,0.9957287342156476,0.6845307350158691,0.8401297346157584,1
test:1:com.collapsar.sakwila.derivative,com.collapsar.sakwila.derivative,com.collapsar.sakwila.derivative.apk,test,1,0.9975825739496876,0.0688768625259399,0.5332297182378137,1
test:1:com.collapsar.sakwila.integral,com.collapsar.sakwila.integral,com.collapsar.sakwila.integral.apk,test,1,0.9954281638550088,0.1255803406238556,0.5605042522394321,1
test:1:com.cometpremiumplayer.tv,com.cometpremiumplayer.tv,com.cometpremiumplayer.tv.apk,test,1,0.9992698609057682,0.2833501696586609,0.6413100152822145,1
test:1:com.crm.bittrackerz,com.crm.bittrackerz,com.crm.bittrackerz.apk,test,1,0.97734381682986,0.8993724584579468,0.9383581376439034,1
test:1:com.csa.client.ictech,com.csa.client.ictech,com.csa.client.ictech.apk,test,1,0.9999534563338566,0.9983097314834596,0.999131593908658,1
test:1:com.cupid.soulmate.pouter,com.cupid.soulmate.pouter,com.cupid.soulmate.pouter.apk,test,1,0.9997054845717837,0.8845545053482056,0.9421299949599946,1
test:1:com.daily2odds.betting.tips,com.daily2odds.betting.tips,com.daily2odds.betting.tips.apk,test,1,0.9999537124953286,0.9988871216773988,0.9994204170863636,1
test:1:com.daily2oddsspecial,com.daily2oddsspecial,com.daily2oddsspecial.apk,test,1,0.9999624787073677,0.991062879562378,0.9955126791348728,1
test:1:com.differ.xiaoming,com.differ.xiaoming,com.differ.xiaoming.apk,test,1,0.9752788927265796,0.9999948740005492,0.9876368833635645,1
test:1:com.dmitsoft.treadmill,com.dmitsoft.treadmill,com.dmitsoft.treadmill.apk,test,1,0.7227866338773872,0.6751986145973206,0.6989926242373539,1
test:1:com.dualem.dualem,com.dualem.dualem,com.dualem.dualem.apk,test,1,0.9869216525478012,0.6806702017784119,0.8337959271631066,1
test:1:com.ebookpdf.pdfreaderpro.allpdfviewer,com.ebookpdf.pdfreaderpro.allpdfviewer,com.ebookpdf.pdfreaderpro.allpdfviewer.apk,test,1,0.9752788927265796,0.9995718598365784,0.987425376281579,1
test:1:com.egd.MarsAlienRescue,com.egd.MarsAlienRescue,com.egd.MarsAlienRescue.apk,test,1,0.9997842488486413,0.8395970463752747,0.919690647611958,1
test:1:com.egd.SaveTheButterflyGirl,com.egd.SaveTheButterflyGirl,com.egd.SaveTheButterflyGirl.apk,test,1,0.9997842488486413,0.90626323223114,0.9530237405398907,1
test:1:com.elsayad.footballfixturesA,com.elsayad.footballfixturesA,com.elsayad.footballfixturesA.apk,test,1,0.8336650585029666,0.4064372479915619,0.6200511532472642,1
test:1:com.elsayad.footballfixturesD,com.elsayad.footballfixturesD,com.elsayad.footballfixturesD.apk,test,1,0.9370197469710684,0.5555187463760376,0.746269246673553,1
test:1:com.elsayad.footballfixturespro,com.elsayad.footballfixturespro,com.elsayad.footballfixturespro.apk,test,1,0.9438837544901658,0.7219364047050476,0.8329100795976068,1
test:1:com.employ.app,com.employ.app,com.employ.app.apk,test,1,0.9997321046473316,0.0040971748530864,0.501914639750209,0
test:1:com.enpsystem.drv.texi,com.enpsystem.drv.texi,com.enpsystem.drv.texi.apk,test,1,0.0410343942263097,0.3056690990924835,0.17335174665939662,0
test:1:com.fibrum.aquadromevr,com.fibrum.aquadromevr,com.fibrum.aquadromevr.apk,test,1,0.9845936494148048,0.4506236612796783,0.7176086553472415,1
test:1:com.fibrum.ghostsvr,com.fibrum.ghostsvr,com.fibrum.ghostsvr.apk,test,1,0.9838980067022552,0.6720064878463745,0.8279522472743148,1
test:1:com.fibrum.skyrunnersvr,com.fibrum.skyrunnersvr,com.fibrum.skyrunnersvr.apk,test,1,0.9504456741283622,0.5256478786468506,0.7380467763876064,1
test:1:com.file.manager.doc.explorer,com.file.manager.doc.explorer,com.file.manager.doc.explorer.apk,test,1,0.9992330691829922,0.9570412039756776,0.9781371365793349,1
test:1:com.fillcontracts,com.fillcontracts,com.fillcontracts.apk,test,1,0.0001138924978849,0.0011740492191165,0.0006439708585007,0
test:1:com.foxplayer.shadeed,com.foxplayer.shadeed,com.foxplayer.shadeed.apk,test,1,0.9988207175208832,0.8268029689788818,0.9128118432498825,1
test:1:com.gadeksystems.agmanualgh,com.gadeksystems.agmanualgh,com.gadeksystems.agmanualgh.apk,test,1,6.33429243058944e-05,0.002479295944795,0.0012713194345504472,0
test:1:com.gamut.farvisionsalesforcer2,com.gamut.farvisionsalesforcer2,com.gamut.farvisionsalesforcer2.apk,test,1,0.9959052624789636,0.8472133278846741,0.9215592951818188,1
test:1:com.gearandroid.phoneleashfree,com.gearandroid.phoneleashfree,com.gearandroid.phoneleashfree.apk,test,1,0.9861929901776186,0.8716370463371277,0.9289150182573731,1
test:1:com.gsysapps.ImAlright,com.gsysapps.ImAlright,com.gsysapps.ImAlright.apk,test,1,0.9998935236503906,0.6464325785636902,0.8231630511070405,1
test:1:com.hamro.smarters.smartvcinefullapp,com.hamro.smarters.smartvcinefullapp,com.hamro.smarters.smartvcinefullapp.apk,test,1,0.6120460866183323,0.4453723430633545,0.5287092148408434,1
test:1:com.hashtag.betting2oddsdaily,com.hashtag.betting2oddsdaily,com.hashtag.betting2oddsdaily.apk,test,1,0.999971053808288,0.9921478629112244,0.9960594583597562,1
test:1:com.hawsoft.mobile.speechtrans,com.hawsoft.mobile.speechtrans,com.hawsoft.mobile.speechtrans.apk,test,1,0.9752788927265796,0.999777615070343,0.9875282538984613,1
test:1:com.hgbtok.zhou.gp,com.hgbtok.zhou.gp,com.hgbtok.zhou.gp.apk,test,1,0.9752788927265796,0.9999687671661376,0.9876238299463587,1
test:1:com.higuddu.metasploit,com.higuddu.metasploit,com.higuddu.metasploit.apk,test,1,0.996639834884418,0.934447169303894,0.9655435020941561,1
test:1:com.historia.ghoststories,com.historia.ghoststories,com.historia.ghoststories.apk,test,1,0.9973944168108498,0.7938734889030457,0.8956339528569477,1
test:1:com.hj.watchtime,com.hj.watchtime,com.hj.watchtime.apk,test,1,0.9999678941882276,0.9981287121772766,0.9990483031827522,1
test:1:com.hkgeopark.enjoyhiking,com.hkgeopark.enjoyhiking,com.hkgeopark.enjoyhiking.apk,test,1,0.0524508379113315,0.998072385787964,0.5252616118496477,1
test:1:com.hoptodesk.app,com.hoptodesk.app,com.hoptodesk.app.apk,test,1,0.905334674367682,0.9904640913009644,0.9478993828343232,1
test:1:com.hrs.decibelmobilesolution,com.hrs.decibelmobilesolution,com.hrs.decibelmobilesolution.apk,test,1,0.8221149773569496,0.2686784863471985,0.545396731852074,1
test:1:com.idaratracker.android,com.idaratracker.android,com.idaratracker.android.apk,test,1,0.0009108723679232,0.0670201033353805,0.03396548785165185,0
test:1:com.ieatpear9,com.ieatpear9,com.ieatpear9.apk,test,1,0.9752788927265796,0.999941349029541,0.9876101208780603,1
test:1:com.igpsd.govnews_2_1,com.igpsd.govnews_2_1,com.igpsd.govnews_2_1.apk,test,1,0.0524508379113315,0.9361464381217957,0.4942986380165636,0
test:1:com.intest.thailand.v2x_toyota,com.intest.thailand.v2x_toyota,com.intest.thailand.v2x_toyota.apk,test,1,0.9999933066129738,0.9984935522079468,0.9992434294104603,1
test:1:com.isprint.mobile.android.meiyumi.customer2,com.isprint.mobile.android.meiyumi.customer2,com.isprint.mobile.android.meiyumi.customer2.apk,test,1,0.998826535008629,0.2057805359363556,0.6023035354724923,1
test:1:com.jsk.bluetoothdevicewidget,com.jsk.bluetoothdevicewidget,com.jsk.bluetoothdevicewidget.apk,test,1,0.998870529959435,0.6781476140022278,0.8385090719808315,1
test:1:com.jsk.photoresizer,com.jsk.photoresizer,com.jsk.photoresizer.apk,test,1,0.9985672405763844,0.2012005895376205,0.5998839150570024,1
test:1:com.katakatasedihmenyentuhhatibanget.insurancelifeandtrandingforex,com.katakatasedihmenyentuhhatibanget.insurancelifeandtrandingforex,com.katakatasedihmenyentuhhatibanget.insurancelifeandtrandingforex.apk,test,1,0.0008196739242821,0.119609847664833,0.06021476079455755,0
test:1:com.keeson.beautyrestblack,com.keeson.beautyrestblack,com.keeson.beautyrestblack.apk,test,1,0.9915725865117708,0.4235224425792694,0.7075475145455201,1
test:1:com.keeson.hotelguest,com.keeson.hotelguest,com.keeson.hotelguest.apk,test,1,0.0267387903702272,0.1649899631738662,0.09586437677204669,0
test:1:com.kingsmith.chair,com.kingsmith.chair,com.kingsmith.chair.apk,test,1,0.9975593805404838,0.9989757537841796,0.9982675671623317,1
test:1:com.kitabterjemahan.ifajrus,com.kitabterjemahan.ifajrus,com.kitabterjemahan.ifajrus.apk,test,1,0.9990826214476723,0.9973526000976562,0.9982176107726644,1
test:1:com.kotlinsun.unirangame,com.kotlinsun.unirangame,com.kotlinsun.unirangame.apk,test,1,0.7955011237668921,0.3472700417041778,0.571385582735535,1
test:1:com.kt.hoadung,com.kt.hoadung,com.kt.hoadung.apk,test,1,0.973300259760806,0.8234447836875916,0.8983725217241988,1
test:1:com.kt.musicmafia,com.kt.musicmafia,com.kt.musicmafia.apk,test,1,0.8148607480605263,0.9716414213180542,0.8932510846892903,1
test:1:com.ldcc.lemp.dlims,com.ldcc.lemp.dlims,com.ldcc.lemp.dlims.apk,test,1,0.7363021634023129,0.8714593052864075,0.8038807343443601,1
test:1:com.legendsgtawallpapers,com.legendsgtawallpapers,com.legendsgtawallpapers.apk,test,1,0.0524508379113315,0.312377005815506,0.18241392186341873,0
test:1:com.mb.ss.mb,com.mb.ss.mb,com.mb.ss.mb.apk,test,1,0.9999547003683236,0.995479702949524,0.9977172016589237,1
test:1:com.medtrum.easyfollowforandroidmg,com.medtrum.easyfollowforandroidmg,com.medtrum.easyfollowforandroidmg.apk,test,1,0.9752788927265796,0.9984709620475768,0.9868749273870783,1
test:1:com.mmobi.dajidali,com.mmobi.dajidali,com.mmobi.dajidali.apk,test,1,0.0016116510284118,0.0119704967364668,0.0067910738824392995,0
test:1:com.my.DakshinaMurthyStotram,com.my.DakshinaMurthyStotram,com.my.DakshinaMurthyStotram.apk,test,1,0.999955841523739,0.9982057809829712,0.9990808112533551,1
test:1:com.my.Litha.Samith,com.my.Litha.Samith,com.my.Litha.Samith.apk,test,1,0.9999552117625382,0.99461430311203,0.9972847574372841,1
test:1:com.my.betta.fish,com.my.betta.fish,com.my.betta.fish.apk,test,1,0.9998993907751385,0.9922968745231628,0.9960981326491507,1
test:1:com.my.expertfootball.betting.tips,com.my.expertfootball.betting.tips,com.my.expertfootball.betting.tips.apk,test,1,0.9999669563635892,0.9883044958114624,0.9941357260875259,1
test:1:com.myguitarchord.app,com.myguitarchord.app,com.myguitarchord.app.apk,test,1,0.9999699116818622,0.99949312210083,0.9997315168913461,1
test:1:com.nabadurgamovies.adeokart,com.nabadurgamovies.adeokart,com.nabadurgamovies.adeokart.apk,test,1,0.0017618759090545,0.0001332966639893,0.0009475862865219,0
test:1:com.name21.necklace,com.name21.necklace,com.name21.necklace.apk,test,1,0.4091300943552904,0.8997771739959717,0.6544536341756311,1
test:1:com.nationaledtech.Boomerang,com.nationaledtech.Boomerang,com.nationaledtech.Boomerang.apk,test,1,0.9695351922891589,0.2340085357427597,0.6017718640159593,1
test:1:com.native.messages,com.native.messages,com.native.messages.apk,test,1,0.979810856033289,0.6723847985267639,0.8260978272800265,1
test:1:com.nftf.nftfminter1,com.nftf.nftfminter1,com.nftf.nftfminter1.apk,test,1,0.9918100919533828,0.0965145602822303,0.5441623261178066,1
test:1:com.noble.biblememoryapp,com.noble.biblememoryapp,com.noble.biblememoryapp.apk,test,1,0.9984440202706116,0.9699926376342772,0.9842183289524444,1
test:1:com.ore.tempur,com.ore.tempur,com.ore.tempur.apk,test,1,0.0636737912810336,0.3077036738395691,0.18568873256030136,0
test:1:com.painelextreme,com.painelextreme,com.painelextreme.apk,test,1,0.9997571191686055,0.9986664056777954,0.9992117624232004,1
test:1:com.pcsensi.app,com.pcsensi.app,com.pcsensi.app.apk,test,1,0.9999671537528164,0.9966965913772584,0.9983318725650374,1
test:1:com.perfect.persuite_crm,com.perfect.persuite_crm,com.perfect.persuite_crm.apk,test,1,0.961502269091028,0.0912414863705635,0.5263718777307957,1
test:1:com.peyman.dateconvert,com.peyman.dateconvert,com.peyman.dateconvert.apk,test,1,0.9977586316221836,0.4705505073070526,0.7341545694646181,1
test:1:com.pltaxi.mapataxidriver,com.pltaxi.mapataxidriver,com.pltaxi.mapataxidriver.apk,test,1,0.9987273702994128,0.6245249509811401,0.8116261606402765,1
test:1:com.priority.organizer,com.priority.organizer,com.priority.organizer.apk,test,1,0.9998705075494588,0.9848180413246156,0.9923442744370372,1
test:1:com.rp.primeplaz,com.rp.primeplaz,com.rp.primeplaz.apk,test,1,0.9987254115574304,0.7151885628700256,0.856956987213728,1
test:1:com.rs.project.store,com.rs.project.store,com.rs.project.store.apk,test,1,0.9999812264803708,0.9985118508338928,0.9992465386571319,1
test:1:com.s2m.yemenpost.customer.android,com.s2m.yemenpost.customer.android,com.s2m.yemenpost.customer.android.apk,test,1,0.1060175258508034,0.1389201879501342,0.1224688569004688,0
test:1:com.samikshaapps.powerbi,com.samikshaapps.powerbi,com.samikshaapps.powerbi.apk,test,1,0.996017111341177,0.9308462738990784,0.9634316926201276,1
test:1:com.sbi.allswell,com.sbi.allswell,com.sbi.allswell.apk,test,1,0.9916416953499304,0.8151487112045288,0.9033952032772297,1
test:1:com.sbi.markbase,com.sbi.markbase,com.sbi.markbase.apk,test,1,0.9916416953499304,0.8673438429832458,0.9294927691665882,1
test:1:com.sfd.ergomotion,com.sfd.ergomotion,com.sfd.ergomotion.apk,test,1,0.0643249279855068,0.2234160751104354,0.1438705015479711,0
test:1:com.sfd.rondure_hump,com.sfd.rondure_hump,com.sfd.rondure_hump.apk,test,1,0.980806465434933,0.7381944060325623,0.8595004357337477,1
test:1:com.sfd.tempur_au,com.sfd.tempur_au,com.sfd.tempur_au.apk,test,1,0.0599431027423019,0.3212114572525024,0.19057727999740215,0
test:1:com.shadeed.rmaxplayer,com.shadeed.rmaxplayer,com.shadeed.rmaxplayer.apk,test,1,0.9987254115574304,0.787624716758728,0.8931750641580792,1
test:1:com.shdeedapps.galaxy,com.shdeedapps.galaxy,com.shdeedapps.galaxy.apk,test,1,0.9994756676117706,0.1533898711204528,0.5764327693661118,1
test:1:com.shopping.uss,com.shopping.uss,com.shopping.uss.apk,test,1,0.0001345925770672,0.0011331479763612,0.0006338702767142,0
test:1:com.silverbat.knightage,com.silverbat.knightage,com.silverbat.knightage.apk,test,1,0.9373646550442336,0.0319057032465934,0.4846351791454135,0
test:1:com.smart.physics.app,com.smart.physics.app,com.smart.physics.app.apk,test,1,0.999895224643372,0.9950478672981262,0.997471545970749,1
test:1:com.smartx.hub.loneworkermobile,com.smartx.hub.loneworkermobile,com.smartx.hub.loneworkermobile.apk,test,1,0.9857852658966176,0.5512516498565674,0.7685184578765925,1
test:1:com.socksliteplus.pro,com.socksliteplus.pro,com.socksliteplus.pro.apk,test,1,0.1123206057282889,0.2925818264484405,0.2024512160883647,0
test:1:com.solara.filerecovery,com.solara.filerecovery,com.solara.filerecovery.apk,test,1,0.9994036361571548,0.4196065664291382,0.7095051012931465,1
test:1:com.svantek.ba2,com.svantek.ba2,com.svantek.ba2.apk,test,1,0.9978794593878212,0.793291449546814,0.8955854544673176,1
test:1:com.szfcar.ancel.mobile,com.szfcar.ancel.mobile,com.szfcar.ancel.mobile.apk,test,1,0.0585792046662433,0.5838626623153687,0.321220933490806,0
test:1:com.tfy.cila,com.tfy.cila,com.tfy.cila.apk,test,1,0.9686485542144128,0.5440717339515686,0.7563601440829907,1
test:1:com.thecybernanny.adroapp,com.thecybernanny.adroapp,com.thecybernanny.adroapp.apk,test,1,0.8598249734672095,0.9060932993888856,0.8829591364280476,1
test:1:com.think.earth,com.think.earth,com.think.earth.apk,test,1,0.9986178986530224,0.7764464616775513,0.8875321801652869,1
test:1:com.thirdeye.intruderdetector.selfie,com.thirdeye.intruderdetector.selfie,com.thirdeye.intruderdetector.selfie.apk,test,1,0.9892948455464274,0.9826419353485109,0.9859683904474692,1
test:1:com.trq.hilalgame,com.trq.hilalgame,com.trq.hilalgame.apk,test,1,0.999975657308482,0.8282325863838196,0.9141041218461508,1
test:1:com.valueappz.amarfastfoodandrestaurant,com.valueappz.amarfastfoodandrestaurant,com.valueappz.amarfastfoodandrestaurant.apk,test,1,0.9999233452362808,0.9433978796005248,0.9716606124184028,1
test:1:com.viewlive.shadeed,com.viewlive.shadeed,com.viewlive.shadeed.apk,test,1,0.9987254115574304,0.7736173272132874,0.8861713693853589,1
test:1:com.vjv.sch,com.vjv.sch,com.vjv.sch.apk,test,1,0.9997085974953016,0.8417824506759644,0.920745524085633,1
test:1:com.winperfil.winperfilapp,com.winperfil.winperfilapp,com.winperfil.winperfilapp.apk,test,1,0.9389504033157376,0.5588642954826355,0.7489073493991866,1
test:1:com.zetasafe.mobile,com.zetasafe.mobile,com.zetasafe.mobile.apk,test,1,0.9335078417644138,0.4503080248832702,0.691907933323842,1
test:1:eu.daan.werkenbij,eu.daan.werkenbij,eu.daan.werkenbij.apk,test,1,0.7050571812549415,0.4748203158378601,0.5899387485464008,1
test:1:gym.my.coach.workout.fitness,gym.my.coach.workout.fitness,gym.my.coach.workout.fitness.apk,test,1,0.999600966883598,0.9976252913475036,0.9986131291155508,1
test:1:hjx.kasfire,hjx.kasfire,hjx.kasfire.apk,test,1,2.2006101623361103e-05,4.640690531232394e-05,3.420650346784252e-05,0
test:1:io.flatcircle.runwaysaleandroid,io.flatcircle.runwaysaleandroid,io.flatcircle.runwaysaleandroid.apk,test,1,0.9982837536608395,0.4723420143127441,0.7353128839867918,1
test:1:it.babyloncloud.alma_tv,it.babyloncloud.alma_tv,it.babyloncloud.alma_tv.apk,test,1,0.9542947907294748,0.4020899534225464,0.6781923720760106,1
test:1:it.babyloncloud.donnatv,it.babyloncloud.donnatv,it.babyloncloud.donnatv.apk,test,1,0.9542947907294748,0.363008588552475,0.6586516896409749,1
test:1:it.csystem.android.pess.elios,it.csystem.android.pess.elios,it.csystem.android.pess.elios.apk,test,1,0.9884596786607848,0.3424170017242431,0.6654383401925139,1
test:1:job.nixs.in,job.nixs.in,job.nixs.in.apk,test,1,0.9984800752068947,0.7337725162506104,0.8661262957287525,1
test:1:jp.co.benesse.petpass,jp.co.benesse.petpass,jp.co.benesse.petpass.apk,test,1,0.9875026285300138,0.8375205993652344,0.9125116139476241,1
test:1:kr.ckk.beauty.smartbeauty,kr.ckk.beauty.smartbeauty,kr.ckk.beauty.smartbeauty.apk,test,1,0.0313608261933176,0.1478694677352905,0.08961514696430405,0
test:1:kr.co.wportal2022,kr.co.wportal2022,kr.co.wportal2022.apk,test,1,0.992596275932813,0.0990821197628974,0.5458391978478552,1
test:1:ld.learn.acupressure.points.acupuncture.tips,ld.learn.acupressure.points.acupuncture.tips,ld.learn.acupressure.points.acupuncture.tips.apk,test,1,0.9855307722734056,0.8669418096542358,0.9262362909638207,1
test:1:multipleaccounts.parallelspace.cloneapp.appclonerstudio,multipleaccounts.parallelspace.cloneapp.appclonerstudio,multipleaccounts.parallelspace.cloneapp.appclonerstudio.apk,test,1,0.9997926031163752,0.971930205821991,0.9858614044691831,1
test:1:net.wsapps.polyphonicmania,net.wsapps.polyphonicmania,net.wsapps.polyphonicmania.apk,test,1,0.9946286522982952,0.5280793905258179,0.7613540214120565,1
test:1:org.redeemerfcu.MobileBanking,org.redeemerfcu.MobileBanking,org.redeemerfcu.MobileBanking.apk,test,1,0.0006298976961729,0.000870925374329,0.00075041153525095,0
test:1:org.teamgps.client,org.teamgps.client,org.teamgps.client.apk,test,1,0.9972406497600832,0.9132388234138488,0.955239736586966,1
test:1:photorecovery.videorecovery.filerecovery.recoverdeletedphotosvideos.novarecoverypro,photorecovery.videorecovery.filerecovery.recoverdeletedphotosvideos.novarecoverypro,photorecovery.videorecovery.filerecovery.recoverdeletedphotosvideos.novarecoverypro.apk,test,1,0.9994036361571548,0.6373496055603027,0.8183766208587288,1
test:1:pl.brager.one,pl.brager.one,pl.brager.one.apk,test,1,0.9949195462516552,0.7117406725883484,0.8533301094200019,1
test:1:ro.fleetmaster.fmmobile,ro.fleetmaster.fmmobile,ro.fleetmaster.fmmobile.apk,test,1,0.9812216630465036,0.4100517630577087,0.6956367130521062,1
test:1:ru.kslabs.ksweb,ru.kslabs.ksweb,ru.kslabs.ksweb.apk,test,1,0.9395356808912476,0.9853630065917968,0.9624493437415222,1
test:1:shakir.kadakkadan.gradientwallpaper,shakir.kadakkadan.gradientwallpaper,shakir.kadakkadan.gradientwallpaper.apk,test,1,0.7941520518759266,0.6411919593811035,0.7176720056285151,1
test:1:thisaislan.qrgame,thisaislan.qrgame,thisaislan.qrgame.apk,test,1,0.2097591157695651,0.4873001873493194,0.34852965155944227,0
test:1:tv.familynk,tv.familynk,tv.familynk.apk,test,1,0.997008546781349,0.504897952079773,0.750953249430561,1
test:1:tw.com.hantek.xyzahg,tw.com.hantek.xyzahg,tw.com.hantek.xyzahg.apk,test,1,0.968786934596653,0.2499601244926452,0.6093735295446491,1
test:1:uk.blueapps.audio.bible.devotional,uk.blueapps.audio.bible.devotional,uk.blueapps.audio.bible.devotional.apk,test,1,0.8609472602019185,0.9344778060913086,0.8977125331466136,1
test:1:uk.blueapps.bluecast.joel.osteen,uk.blueapps.bluecast.joel.osteen,uk.blueapps.bluecast.joel.osteen.apk,test,1,0.6828253959768696,0.9267387986183168,0.8047820972975932,1
test:1:uk.blueapps.esv.bible.player,uk.blueapps.esv.bible.player,uk.blueapps.esv.bible.player.apk,test,1,0.959979073388314,0.9080753922462464,0.9340272328172803,1
test:1:uk.blueapps.gnt.audio.bible,uk.blueapps.gnt.audio.bible,uk.blueapps.gnt.audio.bible.apk,test,1,0.9653687716872058,0.9509268403053284,0.9581478059962671,1
test:1:uk.blueapps.joycemeyer.podcastplayer,uk.blueapps.joycemeyer.podcastplayer,uk.blueapps.joycemeyer.podcastplayer.apk,test,1,0.6828253959768696,0.8579104542732239,0.7703679251250468,1
test:1:uk.blueapps.nrsv.bible.player,uk.blueapps.nrsv.bible.player,uk.blueapps.nrsv.bible.player.apk,test,1,0.9653687716872058,0.8806867003440857,0.9230277360156458,1
test:1:uni.UNI6FF5801,uni.UNI6FF5801,uni.UNI6FF5801.apk,test,1,0.9993849170529644,0.9339742064476012,0.9666795617502828,1
test:1:www.david_cortese.com.math_tutoring,www.david_cortese.com.math_tutoring,www.david_cortese.com.math_tutoring.apk,test,1,0.2727709848984945,0.0087155736982822,0.14074327929838834,0
test:1:yinjimart.app,yinjimart.app,yinjimart.app.apk,test,1,0.9916593015462908,0.6481813192367554,0.8199203103915231,1
