sample_key,sample_id,apk_name,y_true,prob_malware,pred,base_value,model_output,rank,feature,feature_value,shap_value,abs_shap_value
test:1:com.pcsensi.app,com.pcsensi.app,com.pcsensi.app.apk,1,0.9999671537528163,1,-3.4309521857334047,10.323640213817798,1,api:android.view.Window.getDecorView,4.304065093204169,0.726768418892123,0.726768418892123
test:1:com.pcsensi.app,com.pcsensi.app,com.pcsensi.app.apk,1,0.9999671537528163,1,-3.4309521857334047,10.323640213817798,2,api:mono.android.net.wifi.p2p.WifiP2pManager_ConnectionInfoListenerImplementor.n_onConnectionInfoAvailable,0.0,0.7264536692283147,0.7264536692283147
test:1:com.pcsensi.app,com.pcsensi.app,com.pcsensi.app.apk,1,0.9999671537528163,1,-3.4309521857334047,10.323640213817798,3,api:android.graphics.drawable.GradientDrawable.<init>,5.003946305945459,0.6922706524177489,0.6922706524177489
test:1:com.pcsensi.app,com.pcsensi.app,com.pcsensi.app.apk,1,0.9999671537528163,1,-3.4309521857334047,10.323640213817798,4,opcode:nop,7.60489448081162,0.6432329519197426,0.6432329519197426
test:1:com.pcsensi.app,com.pcsensi.app,com.pcsensi.app.apk,1,0.9999671537528163,1,-3.4309521857334047,10.323640213817798,5,opcode:sparse-switch,5.638354669333745,0.6302272412964726,0.6302272412964726
test:1:com.pcsensi.app,com.pcsensi.app,com.pcsensi.app.apk,1,0.9999671537528163,1,-3.4309521857334047,10.323640213817798,6,api:java.util.ArrayList.removeAll,1.791759469228055,0.5103659914946655,0.5103659914946655
test:1:com.pcsensi.app,com.pcsensi.app,com.pcsensi.app.apk,1,0.9999671537528163,1,-3.4309521857334047,10.323640213817798,7,api:android.widget.EditText.<init>,1.0986122886681096,0.4229223090873092,0.4229223090873092
test:1:com.pcsensi.app,com.pcsensi.app,com.pcsensi.app.apk,1,0.9999671537528163,1,-3.4309521857334047,10.323640213817798,8,api:java.lang.Throwable.<init>,3.332204510175204,0.39011724185267294,0.39011724185267294
test:1:com.pcsensi.app,com.pcsensi.app,com.pcsensi.app.apk,1,0.9999671537528163,1,-3.4309521857334047,10.323640213817798,9,api:android.os.Bundle.putCharSequence,3.5263605246161616,0.3887066709818487,0.3887066709818487
test:1:com.pcsensi.app,com.pcsensi.app,com.pcsensi.app.apk,1,0.9999671537528163,1,-3.4309521857334047,10.323640213817798,10,api:java.nio.channels.FileChannel.map,1.6094379124341003,0.33564956657131245,0.33564956657131245
test:1:com.pcsensi.app,com.pcsensi.app,com.pcsensi.app.apk,1,0.9999671537528163,1,-3.4309521857334047,10.323640213817798,11,api:java.io.ByteArrayOutputStream.write,3.970291913552122,0.3164053605275666,0.3164053605275666
test:1:com.pcsensi.app,com.pcsensi.app,com.pcsensi.app.apk,1,0.9999671537528163,1,-3.4309521857334047,10.323640213817798,12,api:android.content.pm.PackageManager.getActivityInfo,1.791759469228055,0.2966936211463909,0.2966936211463909
test:1:com.pcsensi.app,com.pcsensi.app,com.pcsensi.app.apk,1,0.9999671537528163,1,-3.4309521857334047,10.323640213817798,13,api:java.lang.Integer.toOctalString,0.0,0.28482663003680336,0.28482663003680336
test:1:com.pcsensi.app,com.pcsensi.app,com.pcsensi.app.apk,1,0.9999671537528163,1,-3.4309521857334047,10.323640213817798,14,api:com.stub.StubApp.interface5,0.0,-0.2388803849632692,0.2388803849632692
test:1:com.pcsensi.app,com.pcsensi.app,com.pcsensi.app.apk,1,0.9999671537528163,1,-3.4309521857334047,10.323640213817798,15,suspicious_string:ip,1.0986122886681096,0.23332605625595668,0.23332605625595668
test:1:com.pcsensi.app,com.pcsensi.app,com.pcsensi.app.apk,1,0.9999671537528163,1,-3.4309521857334047,10.323640213817798,16,api:android.widget.TableRow.addView,0.0,0.21264411511446588,0.21264411511446588
test:1:com.pcsensi.app,com.pcsensi.app,com.pcsensi.app.apk,1,0.9999671537528163,1,-3.4309521857334047,10.323640213817798,17,api:android.graphics.BitmapFactory.decodeFile,2.70805020110221,0.19685579380832452,0.19685579380832452
test:1:com.pcsensi.app,com.pcsensi.app,com.pcsensi.app.apk,1,0.9999671537528163,1,-3.4309521857334047,10.323640213817798,18,api:java.lang.IllegalAccessException.printStackTrace,2.639057329615259,0.19077636923174263,0.19077636923174263
test:1:com.pcsensi.app,com.pcsensi.app,com.pcsensi.app.apk,1,0.9999671537528163,1,-3.4309521857334047,10.323640213817798,19,api_pkg:mono.android.media,0.0,0.1696252400826431,0.1696252400826431
test:1:com.pcsensi.app,com.pcsensi.app,com.pcsensi.app.apk,1,0.9999671537528163,1,-3.4309521857334047,10.323640213817798,20,api:android.widget.EdgeEffect.<init>,2.0794415416798357,0.1691022927523034,0.1691022927523034
test:1:com.pcsensi.app,com.pcsensi.app,com.pcsensi.app.apk,1,0.9999671537528163,1,-3.4309521857334047,10.323640213817798,21,api:android.content.Intent.setData,3.5263605246161616,0.1667263054104087,0.1667263054104087
test:1:com.pcsensi.app,com.pcsensi.app,com.pcsensi.app.apk,1,0.9999671537528163,1,-3.4309521857334047,10.323640213817798,22,api:android.media.MediaPlayer.pause,1.791759469228055,-0.16204573639911757,0.16204573639911757
test:1:com.pcsensi.app,com.pcsensi.app,com.pcsensi.app.apk,1,0.9999671537528163,1,-3.4309521857334047,10.323640213817798,23,api:android.widget.EdgeEffect.onRelease,2.8903717578961645,0.1594936529252466,0.1594936529252466
test:1:com.pcsensi.app,com.pcsensi.app,com.pcsensi.app.apk,1,0.9999671537528163,1,-3.4309521857334047,10.323640213817798,24,api_pkg:android.transition,4.07753744390572,0.1560573971167344,0.1560573971167344
test:1:com.pcsensi.app,com.pcsensi.app,com.pcsensi.app.apk,1,0.9999671537528163,1,-3.4309521857334047,10.323640213817798,25,api:android.widget.EditText.getWindowToken,0.0,0.14986474396774446,0.14986474396774446
test:1:com.pcsensi.app,com.pcsensi.app,com.pcsensi.app.apk,1,0.9999671537528163,1,-3.4309521857334047,10.323640213817798,26,api:com.qihoo.util.a.<init>,0.0,-0.1471682472027823,0.1471682472027823
test:1:com.pcsensi.app,com.pcsensi.app,com.pcsensi.app.apk,1,0.9999671537528163,1,-3.4309521857334047,10.323640213817798,27,api:java.util.ConcurrentModificationException.<init>,2.833213344056216,0.14161019938181968,0.14161019938181968
test:1:com.pcsensi.app,com.pcsensi.app,com.pcsensi.app.apk,1,0.9999671537528163,1,-3.4309521857334047,10.323640213817798,28,api:android.graphics.drawable.Drawable.setFilterBitmap,1.9459101490553132,0.14114858740285322,0.14114858740285322
test:1:com.pcsensi.app,com.pcsensi.app,com.pcsensi.app.apk,1,0.9999671537528163,1,-3.4309521857334047,10.323640213817798,29,api:android.widget.TextView.setText,5.0238805208462765,-0.13770902137589788,0.13770902137589788
test:1:com.pcsensi.app,com.pcsensi.app,com.pcsensi.app.apk,1,0.9999671537528163,1,-3.4309521857334047,10.323640213817798,30,api:android.view.View.removeOnAttachStateChangeListener,2.772588722239781,0.13704090311521147,0.13704090311521147
test:1:com.pcsensi.app,com.pcsensi.app,com.pcsensi.app.apk,1,0.9999671537528163,1,-3.4309521857334047,10.323640213817798,31,api:android.net.Uri.encode,2.4849066497880004,0.13466127439382555,0.13466127439382555
test:1:com.pcsensi.app,com.pcsensi.app,com.pcsensi.app.apk,1,0.9999671537528163,1,-3.4309521857334047,10.323640213817798,32,api:android.content.ContentProvider.<init>,1.791759469228055,-0.1251836046673423,0.1251836046673423
test:1:com.pcsensi.app,com.pcsensi.app,com.pcsensi.app.apk,1,0.9999671537528163,1,-3.4309521857334047,10.323640213817798,33,opcode:move/from16,10.901892690787205,0.11716687135912096,0.11716687135912096
test:1:com.pcsensi.app,com.pcsensi.app,com.pcsensi.app.apk,1,0.9999671537528163,1,-3.4309521857334047,10.323640213817798,34,api_pkg:com.stub,0.0,-0.11536321094013618,0.11536321094013618
test:1:com.pcsensi.app,com.pcsensi.app,com.pcsensi.app.apk,1,0.9999671537528163,1,-3.4309521857334047,10.323640213817798,35,api:android.view.View.onApplyWindowInsets,1.3862943611198906,0.10845196889749383,0.10845196889749383
test:1:com.pcsensi.app,com.pcsensi.app,com.pcsensi.app.apk,1,0.9999671537528163,1,-3.4309521857334047,10.323640213817798,36,api:com.stub.StubApp.ᵢˋ,0.0,-0.10436168183114722,0.10436168183114722
test:1:com.pcsensi.app,com.pcsensi.app,com.pcsensi.app.apk,1,0.9999671537528163,1,-3.4309521857334047,10.323640213817798,37,api:android.widget.BaseAdapter.notifyDataSetChanged,3.8066624897703196,-0.10335339809117666,0.10335339809117666
test:1:com.pcsensi.app,com.pcsensi.app,com.pcsensi.app.apk,1,0.9999671537528163,1,-3.4309521857334047,10.323640213817798,38,api:android.widget.Spinner.<init>,0.6931471805599453,0.10112964381077552,0.10112964381077552
test:1:com.pcsensi.app,com.pcsensi.app,com.pcsensi.app.apk,1,0.9999671537528163,1,-3.4309521857334047,10.323640213817798,39,api:android.widget.ProgressBar.setProgressDrawable,1.3862943611198906,0.0997033249992956,0.0997033249992956
test:1:com.pcsensi.app,com.pcsensi.app,com.pcsensi.app.apk,1,0.9999671537528163,1,-3.4309521857334047,10.323640213817798,40,api:android.view.View.setOnApplyWindowInsetsListener,1.791759469228055,0.0989996480883594,0.0989996480883594
test:1:com.pcsensi.app,com.pcsensi.app,com.pcsensi.app.apk,1,0.9999671537528163,1,-3.4309521857334047,10.323640213817798,41,api:android.content.res.TypedArray.getDimensionPixelSize,5.181783550292085,0.09872355425555832,0.09872355425555832
test:1:com.pcsensi.app,com.pcsensi.app,com.pcsensi.app.apk,1,0.9999671537528163,1,-3.4309521857334047,10.323640213817798,42,api:java.util.HashSet.contains,2.833213344056216,0.094484513653839,0.094484513653839
test:1:com.pcsensi.app,com.pcsensi.app,com.pcsensi.app.apk,1,0.9999671537528163,1,-3.4309521857334047,10.323640213817798,43,api:android.view.Window.setType,0.0,-0.09280510599697231,0.09280510599697231
test:1:com.pcsensi.app,com.pcsensi.app,com.pcsensi.app.apk,1,0.9999671537528163,1,-3.4309521857334047,10.323640213817798,44,api:android.view.ViewGroup.getChildCount,3.7612001156935624,0.09268491861407997,0.09268491861407997
test:1:com.pcsensi.app,com.pcsensi.app,com.pcsensi.app.apk,1,0.9999671537528163,1,-3.4309521857334047,10.323640213817798,45,opcode:invoke-super/range,3.9512437185814275,0.09230180799072829,0.09230180799072829
test:1:com.pcsensi.app,com.pcsensi.app,com.pcsensi.app.apk,1,0.9999671537528163,1,-3.4309521857334047,10.323640213817798,46,api_pkg:android.view.inputmethod,3.4965075614664802,0.09133686653510538,0.09133686653510538
test:1:com.pcsensi.app,com.pcsensi.app,com.pcsensi.app.apk,1,0.9999671537528163,1,-3.4309521857334047,10.323640213817798,47,api:android.content.Intent.getClipData,1.3862943611198906,0.0881352392650644,0.0881352392650644
test:1:com.pcsensi.app,com.pcsensi.app,com.pcsensi.app.apk,1,0.9999671537528163,1,-3.4309521857334047,10.323640213817798,48,api:android.widget.Button.setOnTouchListener,0.0,0.08807719332689379,0.08807719332689379
test:1:com.pcsensi.app,com.pcsensi.app,com.pcsensi.app.apk,1,0.9999671537528163,1,-3.4309521857334047,10.323640213817798,49,api:android.util.AndroidRuntimeException.<init>,1.9459101490553132,0.08736720966262382,0.08736720966262382
test:1:com.pcsensi.app,com.pcsensi.app,com.pcsensi.app.apk,1,0.9999671537528163,1,-3.4309521857334047,10.323640213817798,50,api:java.lang.Object.getClass,6.410174881966167,-0.08153354511545252,0.08153354511545252
test:1:com.pcsensi.app,com.pcsensi.app,com.pcsensi.app.apk,1,0.9999671537528163,1,-3.4309521857334047,10.323640213817798,51,api:mono.android.net.sip.SipRegistrationListenerImplementor.n_onRegistrationDone,0.0,0.081479259256589,0.081479259256589
test:1:com.pcsensi.app,com.pcsensi.app,com.pcsensi.app.apk,1,0.9999671537528163,1,-3.4309521857334047,10.323640213817798,52,opcode:aput-byte,6.478509642208569,0.08094030443972294,0.08094030443972294
test:1:com.pcsensi.app,com.pcsensi.app,com.pcsensi.app.apk,1,0.9999671537528163,1,-3.4309521857334047,10.323640213817798,53,api:java.lang.System.gc,0.0,0.07935620227503425,0.07935620227503425
test:1:com.pcsensi.app,com.pcsensi.app,com.pcsensi.app.apk,1,0.9999671537528163,1,-3.4309521857334047,10.323640213817798,54,api:java.util.HashMap.values,3.258096538021482,0.07928755654531978,0.07928755654531978
test:1:com.pcsensi.app,com.pcsensi.app,com.pcsensi.app.apk,1,0.9999671537528163,1,-3.4309521857334047,10.323640213817798,55,api:java.util.StringTokenizer.hasMoreTokens,0.6931471805599453,0.0784652417547424,0.0784652417547424
test:1:com.pcsensi.app,com.pcsensi.app,com.pcsensi.app.apk,1,0.9999671537528163,1,-3.4309521857334047,10.323640213817798,56,api:android.content.res.TypedArray.getString,4.454347296253507,0.07547553358578334,0.07547553358578334
test:1:com.pcsensi.app,com.pcsensi.app,com.pcsensi.app.apk,1,0.9999671537528163,1,-3.4309521857334047,10.323640213817798,57,api:android.content.ClipData.getItemAt,1.9459101490553132,0.07365820321074132,0.07365820321074132
test:1:com.pcsensi.app,com.pcsensi.app,com.pcsensi.app.apk,1,0.9999671537528163,1,-3.4309521857334047,10.323640213817798,58,api_pkg:android.webkit,5.247024072160486,0.07208409405850583,0.07208409405850583
test:1:com.pcsensi.app,com.pcsensi.app,com.pcsensi.app.apk,1,0.9999671537528163,1,-3.4309521857334047,10.323640213817798,59,api:java.lang.reflect.Field.getType,2.5649493574615367,-0.06929470385217823,0.06929470385217823
test:1:com.pcsensi.app,com.pcsensi.app,com.pcsensi.app.apk,1,0.9999671537528163,1,-3.4309521857334047,10.323640213817798,60,api:android.content.SharedPreferences$Editor.putString,4.23410650459726,0.06660285502296445,0.06660285502296445
test:1:com.pcsensi.app,com.pcsensi.app,com.pcsensi.app.apk,1,0.9999671537528163,1,-3.4309521857334047,10.323640213817798,61,api:android.os.Message.sendToTarget,3.7612001156935624,0.06543633746594758,0.06543633746594758
test:1:com.pcsensi.app,com.pcsensi.app,com.pcsensi.app.apk,1,0.9999671537528163,1,-3.4309521857334047,10.323640213817798,62,api:java.util.ArrayList.get,6.508769136971682,0.06460496609815763,0.06460496609815763
test:1:com.pcsensi.app,com.pcsensi.app,com.pcsensi.app.apk,1,0.9999671537528163,1,-3.4309521857334047,10.323640213817798,63,api:java.util.BitSet.set,2.5649493574615367,0.06439841780569693,0.06439841780569693
test:1:com.pcsensi.app,com.pcsensi.app,com.pcsensi.app.apk,1,0.9999671537528163,1,-3.4309521857334047,10.323640213817798,64,api:android.widget.Button.setVisibility,2.995732273553991,-0.06413624278972214,0.06413624278972214
test:1:com.pcsensi.app,com.pcsensi.app,com.pcsensi.app.apk,1,0.9999671537528163,1,-3.4309521857334047,10.323640213817798,65,api:java.io.RandomAccessFile.readLine,0.0,-0.06336694198933854,0.06336694198933854
test:1:com.pcsensi.app,com.pcsensi.app,com.pcsensi.app.apk,1,0.9999671537528163,1,-3.4309521857334047,10.323640213817798,66,api:android.graphics.Paint.setAlpha,3.6375861597263857,0.06336329894873587,0.06336329894873587
test:1:com.pcsensi.app,com.pcsensi.app,com.pcsensi.app.apk,1,0.9999671537528163,1,-3.4309521857334047,10.323640213817798,67,api:android.content.res.Resources.getDimensionPixelSize,4.700480365792417,0.0631854173223158,0.0631854173223158
test:1:com.pcsensi.app,com.pcsensi.app,com.pcsensi.app.apk,1,0.9999671537528163,1,-3.4309521857334047,10.323640213817798,68,api:org.json.JSONObject.getBoolean,0.6931471805599453,-0.06037930603622687,0.06037930603622687
test:1:com.pcsensi.app,com.pcsensi.app,com.pcsensi.app.apk,1,0.9999671537528163,1,-3.4309521857334047,10.323640213817798,69,api:android.widget.ImageButton.setOnClickListener,1.3862943611198906,0.05955320465295429,0.05955320465295429
test:1:com.pcsensi.app,com.pcsensi.app,com.pcsensi.app.apk,1,0.9999671537528163,1,-3.4309521857334047,10.323640213817798,70,api:android.view.View.getAlpha,3.5263605246161616,0.05898595167092445,0.05898595167092445
test:1:com.pcsensi.app,com.pcsensi.app,com.pcsensi.app.apk,1,0.9999671537528163,1,-3.4309521857334047,10.323640213817798,71,api:android.support.v4.media.session.MediaSessionCompat.getSessionToken,0.0,0.058800406872399555,0.058800406872399555
test:1:com.pcsensi.app,com.pcsensi.app,com.pcsensi.app.apk,1,0.9999671537528163,1,-3.4309521857334047,10.323640213817798,72,api:java.util.HashMap.containsKey,4.2626798770413155,0.0583695311203586,0.0583695311203586
test:1:com.pcsensi.app,com.pcsensi.app,com.pcsensi.app.apk,1,0.9999671537528163,1,-3.4309521857334047,10.323640213817798,73,api:java.util.Date.getTime,2.833213344056216,-0.058045114538912666,0.058045114538912666
test:1:com.pcsensi.app,com.pcsensi.app,com.pcsensi.app.apk,1,0.9999671537528163,1,-3.4309521857334047,10.323640213817798,74,opcode:sub-int,6.968850378341948,-0.05767608325866018,0.05767608325866018
test:1:com.pcsensi.app,com.pcsensi.app,com.pcsensi.app.apk,1,0.9999671537528163,1,-3.4309521857334047,10.323640213817798,75,api:java.security.KeyStore.getInstance,0.0,0.05728972858968324,0.05728972858968324
test:1:com.pcsensi.app,com.pcsensi.app,com.pcsensi.app.apk,1,0.9999671537528163,1,-3.4309521857334047,10.323640213817798,76,api:java.lang.Class.desiredAssertionStatus,2.4849066497880004,0.05630123807684739,0.05630123807684739
test:1:com.pcsensi.app,com.pcsensi.app,com.pcsensi.app.apk,1,0.9999671537528163,1,-3.4309521857334047,10.323640213817798,77,api:android.text.StaticLayout.getLineCount,1.6094379124341003,0.056175855467648965,0.056175855467648965
test:1:com.pcsensi.app,com.pcsensi.app,com.pcsensi.app.apk,1,0.9999671537528163,1,-3.4309521857334047,10.323640213817798,78,api:android.content.pm.PackageManager.getPackageInfo,3.044522437723423,0.05571490748804806,0.05571490748804806
test:1:com.pcsensi.app,com.pcsensi.app,com.pcsensi.app.apk,1,0.9999671537528163,1,-3.4309521857334047,10.323640213817798,79,api:android.widget.EditText.setSingleLine,0.0,0.055312614861872354,0.055312614861872354
test:1:com.pcsensi.app,com.pcsensi.app,com.pcsensi.app.apk,1,0.9999671537528163,1,-3.4309521857334047,10.323640213817798,80,opcode:xor-int/2addr,4.890349128221754,0.0551877921046676,0.0551877921046676
test:1:com.pcsensi.app,com.pcsensi.app,com.pcsensi.app.apk,1,0.9999671537528163,1,-3.4309521857334047,10.323640213817798,81,api:android.view.LayoutInflater.inflate,4.465908118654584,-0.05448252390320485,0.05448252390320485
test:1:com.pcsensi.app,com.pcsensi.app,com.pcsensi.app.apk,1,0.9999671537528163,1,-3.4309521857334047,10.323640213817798,82,api_pkg:androidx.core.content,4.948759890378168,0.05397216863799256,0.05397216863799256
test:1:com.pcsensi.app,com.pcsensi.app,com.pcsensi.app.apk,1,0.9999671537528163,1,-3.4309521857334047,10.323640213817798,83,opcode:invoke-virtual/range,9.150696519048667,0.05370799817427317,0.05370799817427317
test:1:com.pcsensi.app,com.pcsensi.app,com.pcsensi.app.apk,1,0.9999671537528163,1,-3.4309521857334047,10.323640213817798,84,api:android.view.View.onPopulateAccessibilityEvent,1.0986122886681096,0.0536343363436738,0.0536343363436738
test:1:com.pcsensi.app,com.pcsensi.app,com.pcsensi.app.apk,1,0.9999671537528163,1,-3.4309521857334047,10.323640213817798,85,opcode:sparse-switch-payload,5.638354669333745,0.053158321624007465,0.053158321624007465
test:1:com.pcsensi.app,com.pcsensi.app,com.pcsensi.app.apk,1,0.9999671537528163,1,-3.4309521857334047,10.323640213817798,86,api:java.lang.Double.isNaN,5.83773044716594,-0.05263063155846668,0.05263063155846668
test:1:com.pcsensi.app,com.pcsensi.app,com.pcsensi.app.apk,1,0.9999671537528163,1,-3.4309521857334047,10.323640213817798,87,opcode:and-int,8.284756593190435,-0.05157215606670771,0.05157215606670771
test:1:com.pcsensi.app,com.pcsensi.app,com.pcsensi.app.apk,1,0.9999671537528163,1,-3.4309521857334047,10.323640213817798,88,api:java.util.Properties.getProperty,0.6931471805599453,0.051539741784092596,0.051539741784092596
test:1:com.pcsensi.app,com.pcsensi.app,com.pcsensi.app.apk,1,0.9999671537528163,1,-3.4309521857334047,10.323640213817798,89,api:androidx.fragment.app.Fragment.getView,2.639057329615259,0.05133159761584594,0.05133159761584594
test:1:com.pcsensi.app,com.pcsensi.app,com.pcsensi.app.apk,1,0.9999671537528163,1,-3.4309521857334047,10.323640213817798,90,opcode:fill-array-data,8.207401833376355,0.05105414434978266,0.05105414434978266
test:1:com.pcsensi.app,com.pcsensi.app,com.pcsensi.app.apk,1,0.9999671537528163,1,-3.4309521857334047,10.323640213817798,91,api:java.lang.System.load,0.0,-0.050819119288996996,0.050819119288996996
test:1:com.pcsensi.app,com.pcsensi.app,com.pcsensi.app.apk,1,0.9999671537528163,1,-3.4309521857334047,10.323640213817798,92,api:java.lang.SecurityException.<init>,3.332204510175204,-0.050537794338300523,0.050537794338300523
test:1:com.pcsensi.app,com.pcsensi.app,com.pcsensi.app.apk,1,0.9999671537528163,1,-3.4309521857334047,10.323640213817798,93,api:android.view.animation.ScaleAnimation.<init>,2.3978952727983707,0.05053756337825935,0.05053756337825935
test:1:com.pcsensi.app,com.pcsensi.app,com.pcsensi.app.apk,1,0.9999671537528163,1,-3.4309521857334047,10.323640213817798,94,api:android.widget.LinearLayout.<init>,3.1780538303479458,0.05014785074310752,0.05014785074310752
test:1:com.pcsensi.app,com.pcsensi.app,com.pcsensi.app.apk,1,0.9999671537528163,1,-3.4309521857334047,10.323640213817798,95,api:android.widget.BaseAdapter.<init>,2.70805020110221,-0.05011889657920084,0.05011889657920084
test:1:com.pcsensi.app,com.pcsensi.app,com.pcsensi.app.apk,1,0.9999671537528163,1,-3.4309521857334047,10.323640213817798,96,api:android.text.TextPaint.setTextSkewX,1.791759469228055,0.04943381855962681,0.04943381855962681
test:1:com.pcsensi.app,com.pcsensi.app,com.pcsensi.app.apk,1,0.9999671537528163,1,-3.4309521857334047,10.323640213817798,97,api:java.security.KeyStore.load,0.0,0.04741111040808376,0.04741111040808376
test:1:com.pcsensi.app,com.pcsensi.app,com.pcsensi.app.apk,1,0.9999671537528163,1,-3.4309521857334047,10.323640213817798,98,api:java.net.CookieManager.<init>,0.0,0.046617525107691904,0.046617525107691904
test:1:com.pcsensi.app,com.pcsensi.app,com.pcsensi.app.apk,1,0.9999671537528163,1,-3.4309521857334047,10.323640213817798,99,api:android.widget.EdgeEffect.onAbsorb,2.302585092994046,0.0462092707679599,0.0462092707679599
test:1:com.pcsensi.app,com.pcsensi.app,com.pcsensi.app.apk,1,0.9999671537528163,1,-3.4309521857334047,10.323640213817798,100,opcode:rem-int,2.772588722239781,0.045477008173491325,0.045477008173491325
test:1:com.pcsensi.app,com.pcsensi.app,com.pcsensi.app.apk,1,0.9999671537528163,1,-3.4309521857334047,10.323640213817798,101,api:java.util.Stack.pop,1.3862943611198906,0.04487999541087774,0.04487999541087774
test:1:com.pcsensi.app,com.pcsensi.app,com.pcsensi.app.apk,1,0.9999671537528163,1,-3.4309521857334047,10.323640213817798,102,api:android.graphics.drawable.Drawable.mutate,4.204692619390966,0.04414373139686943,0.04414373139686943
test:1:com.pcsensi.app,com.pcsensi.app,com.pcsensi.app.apk,1,0.9999671537528163,1,-3.4309521857334047,10.323640213817798,103,api:android.view.Window.findViewById,2.772588722239781,0.04338376416753021,0.04338376416753021
test:1:com.pcsensi.app,com.pcsensi.app,com.pcsensi.app.apk,1,0.9999671537528163,1,-3.4309521857334047,10.323640213817798,104,opcode:div-double,4.3694478524670215,-0.0432129411665667,0.0432129411665667
test:1:com.pcsensi.app,com.pcsensi.app,com.pcsensi.app.apk,1,0.9999671537528163,1,-3.4309521857334047,10.323640213817798,105,api:java.lang.Object.hashCode,4.859812404361672,0.04209177476979721,0.04209177476979721
test:1:com.pcsensi.app,com.pcsensi.app,com.pcsensi.app.apk,1,0.9999671537528163,1,-3.4309521857334047,10.323640213817798,106,api:android.content.res.ColorStateList.getDefaultColor,3.8501476017100584,0.04066329557628466,0.04066329557628466
test:1:com.pcsensi.app,com.pcsensi.app,com.pcsensi.app.apk,1,0.9999671537528163,1,-3.4309521857334047,10.323640213817798,107,api:java.lang.Exception.printStackTrace,2.4849066497880004,0.04053000976315813,0.04053000976315813
test:1:com.pcsensi.app,com.pcsensi.app,com.pcsensi.app.apk,1,0.9999671537528163,1,-3.4309521857334047,10.323640213817798,108,api_pkg:java.security.cert,4.060443010546419,-0.040502879912525616,0.040502879912525616
test:1:com.pcsensi.app,com.pcsensi.app,com.pcsensi.app.apk,1,0.9999671537528163,1,-3.4309521857334047,10.323640213817798,109,api:android.view.MenuInflater.inflate,1.791759469228055,-0.03992475333691892,0.03992475333691892
test:1:com.pcsensi.app,com.pcsensi.app,com.pcsensi.app.apk,1,0.9999671537528163,1,-3.4309521857334047,10.323640213817798,110,api:org.json.JSONObject.has,1.0986122886681096,-0.038695176251562005,0.038695176251562005
test:1:com.pcsensi.app,com.pcsensi.app,com.pcsensi.app.apk,1,0.9999671537528163,1,-3.4309521857334047,10.323640213817798,111,opcode:or-long,3.2188758248682006,0.03708280109363866,0.03708280109363866
test:1:com.pcsensi.app,com.pcsensi.app,com.pcsensi.app.apk,1,0.9999671537528163,1,-3.4309521857334047,10.323640213817798,112,api:java.lang.Math.pow,4.890349128221754,0.03642549096146222,0.03642549096146222
test:1:com.pcsensi.app,com.pcsensi.app,com.pcsensi.app.apk,1,0.9999671537528163,1,-3.4309521857334047,10.323640213817798,113,api:java.lang.Math.hypot,3.4011973816621555,0.03617807276972348,0.03617807276972348
test:1:com.pcsensi.app,com.pcsensi.app,com.pcsensi.app.apk,1,0.9999671537528163,1,-3.4309521857334047,10.323640213817798,114,opcode:xor-int,8.579792333172758,-0.035764085076117814,0.035764085076117814
test:1:com.pcsensi.app,com.pcsensi.app,com.pcsensi.app.apk,1,0.9999671537528163,1,-3.4309521857334047,10.323640213817798,115,api:android.util.Log.v,5.159055299214529,0.03532300170171332,0.03532300170171332
test:1:com.pcsensi.app,com.pcsensi.app,com.pcsensi.app.apk,1,0.9999671537528163,1,-3.4309521857334047,10.323640213817798,116,api_pkg:android.graphics,8.079927770758275,0.0350459020526926,0.0350459020526926
test:1:com.pcsensi.app,com.pcsensi.app,com.pcsensi.app.apk,1,0.9999671537528163,1,-3.4309521857334047,10.323640213817798,117,api:android.app.Application.onCreate,0.6931471805599453,-0.03490615793293975,0.03490615793293975
test:1:com.pcsensi.app,com.pcsensi.app,com.pcsensi.app.apk,1,0.9999671537528163,1,-3.4309521857334047,10.323640213817798,118,api:android.view.animation.Interpolator.getInterpolation,3.2188758248682006,0.034569904959354046,0.034569904959354046
test:1:com.pcsensi.app,com.pcsensi.app,com.pcsensi.app.apk,1,0.9999671537528163,1,-3.4309521857334047,10.323640213817798,119,api:android.widget.AdapterView$OnItemClickListener.onItemClick,1.0986122886681096,0.03301489934125235,0.03301489934125235
test:1:com.pcsensi.app,com.pcsensi.app,com.pcsensi.app.apk,1,0.9999671537528163,1,-3.4309521857334047,10.323640213817798,120,api:android.widget.Button.setOnClickListener,3.1354942159291497,-0.03301395412961302,0.03301395412961302
test:1:com.pcsensi.app,com.pcsensi.app,com.pcsensi.app.apk,1,0.9999671537528163,1,-3.4309521857334047,10.323640213817798,121,api:android.app.Dialog.setCancelable,1.0986122886681096,0.032534915004792594,0.032534915004792594
test:1:com.pcsensi.app,com.pcsensi.app,com.pcsensi.app.apk,1,0.9999671537528163,1,-3.4309521857334047,10.323640213817798,122,api:android.graphics.drawable.Drawable.invalidateSelf,2.3978952727983707,0.03250132707021942,0.03250132707021942
test:1:com.pcsensi.app,com.pcsensi.app,com.pcsensi.app.apk,1,0.9999671537528163,1,-3.4309521857334047,10.323640213817798,123,api:android.widget.TextView.setVisibility,4.143134726391533,-0.032064566115147124,0.032064566115147124
test:1:com.pcsensi.app,com.pcsensi.app,com.pcsensi.app.apk,1,0.9999671537528163,1,-3.4309521857334047,10.323640213817798,124,api:android.content.res.Resources$Theme.obtainStyledAttributes,2.8903717578961645,0.031415775078484406,0.031415775078484406
test:1:com.pcsensi.app,com.pcsensi.app,com.pcsensi.app.apk,1,0.9999671537528163,1,-3.4309521857334047,10.323640213817798,125,api:android.view.WindowManager$LayoutParams.<init>,1.9459101490553132,0.030439306562181204,0.030439306562181204
test:1:com.pcsensi.app,com.pcsensi.app,com.pcsensi.app.apk,1,0.9999671537528163,1,-3.4309521857334047,10.323640213817798,126,api:android.widget.LinearLayout.setVisibility,4.465908118654584,-0.029334865841722665,0.029334865841722665
test:1:com.pcsensi.app,com.pcsensi.app,com.pcsensi.app.apk,1,0.9999671537528163,1,-3.4309521857334047,10.323640213817798,127,api:java.io.IOException.getMessage,2.4849066497880004,0.029272056482895777,0.029272056482895777
test:1:com.pcsensi.app,com.pcsensi.app,com.pcsensi.app.apk,1,0.9999671537528163,1,-3.4309521857334047,10.323640213817798,128,opcode:and-int/2addr,6.135564891081739,0.029218914367724783,0.029218914367724783
test:1:com.pcsensi.app,com.pcsensi.app,com.pcsensi.app.apk,1,0.9999671537528163,1,-3.4309521857334047,10.323640213817798,129,api:java.lang.Math.sin,4.248495242049359,0.028988254618400083,0.028988254618400083
test:1:com.pcsensi.app,com.pcsensi.app,com.pcsensi.app.apk,1,0.9999671537528163,1,-3.4309521857334047,10.323640213817798,130,opcode:rem-int/lit8,3.8066624897703196,-0.028698147247478545,0.028698147247478545
test:1:com.pcsensi.app,com.pcsensi.app,com.pcsensi.app.apk,1,0.9999671537528163,1,-3.4309521857334047,10.323640213817798,131,api:android.text.StaticLayout$Builder.setLineSpacing,1.0986122886681096,0.028065871282039852,0.028065871282039852
test:1:com.pcsensi.app,com.pcsensi.app,com.pcsensi.app.apk,1,0.9999671537528163,1,-3.4309521857334047,10.323640213817798,132,api:java.lang.String.<init>,6.066108090103747,-0.027746984933167983,0.027746984933167983
test:1:com.pcsensi.app,com.pcsensi.app,com.pcsensi.app.apk,1,0.9999671537528163,1,-3.4309521857334047,10.323640213817798,133,api:android.view.Window.getAttributes,2.3978952727983707,0.027580933659310792,0.027580933659310792
test:1:com.pcsensi.app,com.pcsensi.app,com.pcsensi.app.apk,1,0.9999671537528163,1,-3.4309521857334047,10.323640213817798,134,api:android.widget.SeekBar.setOnSeekBarChangeListener,1.0986122886681096,-0.027396704908436532,0.027396704908436532
test:1:com.pcsensi.app,com.pcsensi.app,com.pcsensi.app.apk,1,0.9999671537528163,1,-3.4309521857334047,10.323640213817798,135,api:java.lang.reflect.Field.get,4.060443010546419,-0.026556072396529833,0.026556072396529833
test:1:com.pcsensi.app,com.pcsensi.app,com.pcsensi.app.apk,1,0.9999671537528163,1,-3.4309521857334047,10.323640213817798,136,opcode:aput,7.979338895262328,-0.026150199629315748,0.026150199629315748
test:1:com.pcsensi.app,com.pcsensi.app,com.pcsensi.app.apk,1,0.9999671537528163,1,-3.4309521857334047,10.323640213817798,137,api:android.widget.SeekBar.setProgress,1.0986122886681096,-0.025812278099728657,0.025812278099728657
test:1:com.pcsensi.app,com.pcsensi.app,com.pcsensi.app.apk,1,0.9999671537528163,1,-3.4309521857334047,10.323640213817798,138,opcode:int-to-float,7.788211557847076,-0.025398873018820267,0.025398873018820267
test:1:com.pcsensi.app,com.pcsensi.app,com.pcsensi.app.apk,1,0.9999671537528163,1,-3.4309521857334047,10.323640213817798,139,opcode:cmpg-double,4.770684624465665,-0.025352694466353107,0.025352694466353107
test:1:com.pcsensi.app,com.pcsensi.app,com.pcsensi.app.apk,1,0.9999671537528163,1,-3.4309521857334047,10.323640213817798,140,opcode:fill-array-data-payload,8.207401833376355,-0.024425864064763308,0.024425864064763308
test:1:com.pcsensi.app,com.pcsensi.app,com.pcsensi.app.apk,1,0.9999671537528163,1,-3.4309521857334047,10.323640213817798,141,api:java.lang.String.lastIndexOf,2.5649493574615367,-0.02432579762055957,0.02432579762055957
test:1:com.pcsensi.app,com.pcsensi.app,com.pcsensi.app.apk,1,0.9999671537528163,1,-3.4309521857334047,10.323640213817798,142,api:android.widget.EditText.getText,2.70805020110221,-0.02427405896087979,0.02427405896087979
test:1:com.pcsensi.app,com.pcsensi.app,com.pcsensi.app.apk,1,0.9999671537528163,1,-3.4309521857334047,10.323640213817798,143,api:android.widget.TextView.<init>,2.70805020110221,-0.021925075573977854,0.021925075573977854
test:1:com.pcsensi.app,com.pcsensi.app,com.pcsensi.app.apk,1,0.9999671537528163,1,-3.4309521857334047,10.323640213817798,144,opcode:sput,5.700443573390686,-0.019164748096659266,0.019164748096659266
test:1:com.pcsensi.app,com.pcsensi.app,com.pcsensi.app.apk,1,0.9999671537528163,1,-3.4309521857334047,10.323640213817798,145,api:android.content.Intent.getParcelableExtra,2.4849066497880004,-0.017622414461249507,0.017622414461249507
test:1:com.pcsensi.app,com.pcsensi.app,com.pcsensi.app.apk,1,0.9999671537528163,1,-3.4309521857334047,10.323640213817798,146,api:java.util.ListIterator.next,1.0986122886681096,-0.017448047015064548,0.017448047015064548
test:1:com.pcsensi.app,com.pcsensi.app,com.pcsensi.app.apk,1,0.9999671537528163,1,-3.4309521857334047,10.323640213817798,147,opcode:filled-new-array,0.0,-0.01733689034588774,0.01733689034588774
test:1:com.pcsensi.app,com.pcsensi.app,com.pcsensi.app.apk,1,0.9999671537528163,1,-3.4309521857334047,10.323640213817798,148,api:java.lang.Long.toHexString,1.6094379124341003,-0.016543373366743826,0.016543373366743826
test:1:com.pcsensi.app,com.pcsensi.app,com.pcsensi.app.apk,1,0.9999671537528163,1,-3.4309521857334047,10.323640213817798,149,api:android.view.WindowManager.removeView,1.791759469228055,-0.016394739072926975,0.016394739072926975
test:1:com.pcsensi.app,com.pcsensi.app,com.pcsensi.app.apk,1,0.9999671537528163,1,-3.4309521857334047,10.323640213817798,150,api:android.os.Looper.prepare,0.0,-0.015130628890100813,0.015130628890100813
test:1:com.pcsensi.app,com.pcsensi.app,com.pcsensi.app.apk,1,0.9999671537528163,1,-3.4309521857334047,10.323640213817798,151,api:java.lang.String.split,4.68213122712422,-0.015076696587431656,0.015076696587431656
test:1:com.pcsensi.app,com.pcsensi.app,com.pcsensi.app.apk,1,0.9999671537528163,1,-3.4309521857334047,10.323640213817798,152,api:java.lang.Exception.getMessage,2.995732273553991,-0.015058724075465962,0.015058724075465962
test:1:com.pcsensi.app,com.pcsensi.app,com.pcsensi.app.apk,1,0.9999671537528163,1,-3.4309521857334047,10.323640213817798,153,api:android.app.AppComponentFactory.<init>,1.0986122886681096,-0.01493824052366453,0.01493824052366453
test:1:com.pcsensi.app,com.pcsensi.app,com.pcsensi.app.apk,1,0.9999671537528163,1,-3.4309521857334047,10.323640213817798,154,api:java.lang.String.length,7.223295679562314,-0.014893293030522852,0.014893293030522852
test:1:com.pcsensi.app,com.pcsensi.app,com.pcsensi.app.apk,1,0.9999671537528163,1,-3.4309521857334047,10.323640213817798,155,api:java.lang.Class.getCanonicalName,4.51085950651685,-0.014615578200531752,0.014615578200531752
test:1:com.pcsensi.app,com.pcsensi.app,com.pcsensi.app.apk,1,0.9999671537528163,1,-3.4309521857334047,10.323640213817798,156,api:android.widget.FrameLayout.setLayoutParams,2.5649493574615367,-0.014362239974504287,0.014362239974504287
test:1:com.pcsensi.app,com.pcsensi.app,com.pcsensi.app.apk,1,0.9999671537528163,1,-3.4309521857334047,10.323640213817798,157,api:android.app.AppComponentFactory.instantiateReceiver,0.6931471805599453,-0.014088931155786988,0.014088931155786988
test:1:com.pcsensi.app,com.pcsensi.app,com.pcsensi.app.apk,1,0.9999671537528163,1,-3.4309521857334047,10.323640213817798,158,api:java.lang.String.replace,3.2188758248682006,-0.013718937597662732,0.013718937597662732
test:1:com.pcsensi.app,com.pcsensi.app,com.pcsensi.app.apk,1,0.9999671537528163,1,-3.4309521857334047,10.323640213817798,159,api:com.stub.StubApp.getString2,0.0,-0.013679267373023043,0.013679267373023043
test:1:com.pcsensi.app,com.pcsensi.app,com.pcsensi.app.apk,1,0.9999671537528163,1,-3.4309521857334047,10.323640213817798,160,api:com.qihoo.util.ᵢˎ.<init>,0.0,-0.013097020874620915,0.013097020874620915
test:1:com.pcsensi.app,com.pcsensi.app,com.pcsensi.app.apk,1,0.9999671537528163,1,-3.4309521857334047,10.323640213817798,161,api:android.util.SparseBooleanArray.keyAt,2.639057329615259,-0.012769051948598556,0.012769051948598556
test:1:com.pcsensi.app,com.pcsensi.app,com.pcsensi.app.apk,1,0.9999671537528163,1,-3.4309521857334047,10.323640213817798,162,api:android.widget.ListView.getAdapter,3.828641396489095,-0.012627043457433115,0.012627043457433115
test:1:com.pcsensi.app,com.pcsensi.app,com.pcsensi.app.apk,1,0.9999671537528163,1,-3.4309521857334047,10.323640213817798,163,api:android.widget.ListView.setAdapter,2.4849066497880004,-0.012523247099255572,0.012523247099255572
test:1:com.pcsensi.app,com.pcsensi.app,com.pcsensi.app.apk,1,0.9999671537528163,1,-3.4309521857334047,10.323640213817798,164,api:com.qihoo.util.b.<init>,0.0,-0.012290754006368119,0.012290754006368119
test:1:com.pcsensi.app,com.pcsensi.app,com.pcsensi.app.apk,1,0.9999671537528163,1,-3.4309521857334047,10.323640213817798,165,api:android.os.Process.setThreadPriority,2.1972245773362196,-0.011979866893597042,0.011979866893597042
test:1:com.pcsensi.app,com.pcsensi.app,com.pcsensi.app.apk,1,0.9999671537528163,1,-3.4309521857334047,10.323640213817798,166,api:java.lang.Object.toString,5.356586274672012,-0.011640265651054141,0.011640265651054141
test:1:com.pcsensi.app,com.pcsensi.app,com.pcsensi.app.apk,1,0.9999671537528163,1,-3.4309521857334047,10.323640213817798,167,api:java.io.InputStream.<init>,2.639057329615259,-0.011603170822606614,0.011603170822606614
test:1:com.pcsensi.app,com.pcsensi.app,com.pcsensi.app.apk,1,0.9999671537528163,1,-3.4309521857334047,10.323640213817798,168,api:android.widget.ImageView.setImageResource,2.995732273553991,-0.011589314080795679,0.011589314080795679
test:1:com.pcsensi.app,com.pcsensi.app,com.pcsensi.app.apk,1,0.9999671537528163,1,-3.4309521857334047,10.323640213817798,169,opcode:aget,7.6787889981991535,-0.010892406398306522,0.010892406398306522
test:1:com.pcsensi.app,com.pcsensi.app,com.pcsensi.app.apk,1,0.9999671537528163,1,-3.4309521857334047,10.323640213817798,170,api:android.view.Window.addFlags,2.833213344056216,-0.010406333668590409,0.010406333668590409
test:1:com.pcsensi.app,com.pcsensi.app,com.pcsensi.app.apk,1,0.9999671537528163,1,-3.4309521857334047,10.323640213817798,171,api:android.content.res.TypedArray.getInteger,3.912023005428146,-0.010243661660966762,0.010243661660966762
test:1:com.pcsensi.app,com.pcsensi.app,com.pcsensi.app.apk,1,0.9999671537528163,1,-3.4309521857334047,10.323640213817798,172,api:java.io.File.canWrite,1.3862943611198906,-0.010199867588341098,0.010199867588341098
test:1:com.pcsensi.app,com.pcsensi.app,com.pcsensi.app.apk,1,0.9999671537528163,1,-3.4309521857334047,10.323640213817798,173,api:android.widget.ImageView.setOnClickListener,2.8903717578961645,-0.010184254011639802,0.010184254011639802
test:1:com.pcsensi.app,com.pcsensi.app,com.pcsensi.app.apk,1,0.9999671537528163,1,-3.4309521857334047,10.323640213817798,174,api:android.view.MenuItem.setIcon,2.0794415416798357,-0.01017294993704431,0.01017294993704431
test:1:com.pcsensi.app,com.pcsensi.app,com.pcsensi.app.apk,1,0.9999671537528163,1,-3.4309521857334047,10.323640213817798,175,api:android.content.Context.sendBroadcast,1.0986122886681096,-0.01005786131455856,0.01005786131455856
test:1:com.pcsensi.app,com.pcsensi.app,com.pcsensi.app.apk,1,0.9999671537528163,1,-3.4309521857334047,10.323640213817798,176,api:android.app.AlarmManager.set,1.3862943611198906,-0.00965431244518961,0.00965431244518961
test:1:com.pcsensi.app,com.pcsensi.app,com.pcsensi.app.apk,1,0.9999671537528163,1,-3.4309521857334047,10.323640213817798,177,opcode:cmpl-double,5.241747015059643,-0.009553989104418882,0.009553989104418882
test:1:com.pcsensi.app,com.pcsensi.app,com.pcsensi.app.apk,1,0.9999671537528163,1,-3.4309521857334047,10.323640213817798,178,suspicious_string:url,4.356708826689592,-0.009429859383077875,0.009429859383077875
test:1:com.pcsensi.app,com.pcsensi.app,com.pcsensi.app.apk,1,0.9999671537528163,1,-3.4309521857334047,10.323640213817798,179,api:android.content.Intent.getStringExtra,2.639057329615259,-0.00936497019903221,0.00936497019903221
test:1:com.pcsensi.app,com.pcsensi.app,com.pcsensi.app.apk,1,0.9999671537528163,1,-3.4309521857334047,10.323640213817798,180,api:android.support.v4.os.IResultReceiver.send,1.0986122886681096,-0.009239565413902095,0.009239565413902095
test:1:com.pcsensi.app,com.pcsensi.app,com.pcsensi.app.apk,1,0.9999671537528163,1,-3.4309521857334047,10.323640213817798,181,api:android.app.Dialog.dismiss,1.6094379124341003,-0.00906604850646874,0.00906604850646874
test:1:com.pcsensi.app,com.pcsensi.app,com.pcsensi.app.apk,1,0.9999671537528163,1,-3.4309521857334047,10.323640213817798,182,opcode:if-ltz,6.763884908562435,-0.009062501804578316,0.009062501804578316
test:1:com.pcsensi.app,com.pcsensi.app,com.pcsensi.app.apk,1,0.9999671537528163,1,-3.4309521857334047,10.323640213817798,183,opcode:sub-float,6.3818160174060985,-0.009043588718279873,0.009043588718279873
test:1:com.pcsensi.app,com.pcsensi.app,com.pcsensi.app.apk,1,0.9999671537528163,1,-3.4309521857334047,10.323640213817798,184,api:java.lang.Throwable.getCause,2.0794415416798357,-0.009000079786212138,0.009000079786212138
test:1:com.pcsensi.app,com.pcsensi.app,com.pcsensi.app.apk,1,0.9999671537528163,1,-3.4309521857334047,10.323640213817798,185,api:android.view.ViewGroup.setTag,2.4849066497880004,-0.008741632693836281,0.008741632693836281
test:1:com.pcsensi.app,com.pcsensi.app,com.pcsensi.app.apk,1,0.9999671537528163,1,-3.4309521857334047,10.323640213817798,186,api:java.util.Properties.<init>,0.6931471805599453,-0.00871998172780472,0.00871998172780472
test:1:com.pcsensi.app,com.pcsensi.app,com.pcsensi.app.apk,1,0.9999671537528163,1,-3.4309521857334047,10.323640213817798,187,opcode:and-int/lit16,6.877296071497429,-0.00869992763295503,0.00869992763295503
test:1:com.pcsensi.app,com.pcsensi.app,com.pcsensi.app.apk,1,0.9999671537528163,1,-3.4309521857334047,10.323640213817798,188,api:android.net.Uri$Builder.appendQueryParameter,3.828641396489095,-0.008424441466747227,0.008424441466747227
test:1:com.pcsensi.app,com.pcsensi.app,com.pcsensi.app.apk,1,0.9999671537528163,1,-3.4309521857334047,10.323640213817798,189,api:java.lang.Exception.<init>,4.406719247264253,-0.008335227497478621,0.008335227497478621
test:1:com.pcsensi.app,com.pcsensi.app,com.pcsensi.app.apk,1,0.9999671537528163,1,-3.4309521857334047,10.323640213817798,190,api:android.view.MotionEvent.getX,4.6913478822291435,-0.008278590670319025,0.008278590670319025
test:1:com.pcsensi.app,com.pcsensi.app,com.pcsensi.app.apk,1,0.9999671537528163,1,-3.4309521857334047,10.323640213817798,191,api:java.io.File.getPath,2.639057329615259,-0.008050709201055587,0.008050709201055587
test:1:com.pcsensi.app,com.pcsensi.app,com.pcsensi.app.apk,1,0.9999671537528163,1,-3.4309521857334047,10.323640213817798,192,api:androidx.fragment.app.Fragment.requireContext,1.6094379124341003,-0.008025812087255191,0.008025812087255191
test:1:com.pcsensi.app,com.pcsensi.app,com.pcsensi.app.apk,1,0.9999671537528163,1,-3.4309521857334047,10.323640213817798,193,api:android.os.Parcelable$Creator.createFromParcel,4.143134726391533,-0.007925700405042986,0.007925700405042986
test:1:com.pcsensi.app,com.pcsensi.app,com.pcsensi.app.apk,1,0.9999671537528163,1,-3.4309521857334047,10.323640213817798,194,api:android.content.pm.PackageManager.resolveContentProvider,1.3862943611198906,-0.0078294307971057,0.0078294307971057
test:1:com.pcsensi.app,com.pcsensi.app,com.pcsensi.app.apk,1,0.9999671537528163,1,-3.4309521857334047,10.323640213817798,195,api:java.lang.reflect.Array.newInstance,3.9512437185814275,-0.0077457517244636075,0.0077457517244636075
test:1:com.pcsensi.app,com.pcsensi.app,com.pcsensi.app.apk,1,0.9999671537528163,1,-3.4309521857334047,10.323640213817798,196,api:android.os.Bundle.writeToParcel,3.4011973816621555,-0.007571172566137138,0.007571172566137138
test:1:com.pcsensi.app,com.pcsensi.app,com.pcsensi.app.apk,1,0.9999671537528163,1,-3.4309521857334047,10.323640213817798,197,api:java.lang.Error.<init>,1.0986122886681096,-0.007552275086905517,0.007552275086905517
test:1:com.pcsensi.app,com.pcsensi.app,com.pcsensi.app.apk,1,0.9999671537528163,1,-3.4309521857334047,10.323640213817798,198,api:java.lang.Math.toRadians,3.367295829986474,-0.007377658772901623,0.007377658772901623
test:1:com.pcsensi.app,com.pcsensi.app,com.pcsensi.app.apk,1,0.9999671537528163,1,-3.4309521857334047,10.323640213817798,199,opcode:packed-switch-payload,6.897704943128636,-0.007319743214191943,0.007319743214191943
test:1:com.pcsensi.app,com.pcsensi.app,com.pcsensi.app.apk,1,0.9999671537528163,1,-3.4309521857334047,10.323640213817798,200,api:android.content.ContentResolver.query,2.9444389791664403,-0.007223943068377196,0.007223943068377196
